country,year,cropland_area,ndvi_mean,temperature_mean,average_annual_precipitation_mm,clay_mean_value,sand_mean_value,nitrogen_mean_value,phh2o_mean_value,soc_mean_value
Dem. Rep. Congo,2017,6802.801351536766,0.5854981021366974,297.78722833955504,1595.7319265486726,335.81940257795685,430.2352017039355,2774.424658313359,5.4087472537678165,408.5382510140655
Dem. Rep. Congo,2018,8236.848528205883,0.5883659478128828,297.5953885189716,1622.1584681447075,317.7369611615108,462.2902740510431,2668.4070753533883,5.401797208853304,395.4892833373488
Dem. Rep. Congo,2019,6202.6921276004905,0.5898562178228604,297.8402544656728,1787.4839495641052,334.9715706025019,431.9519360110351,2814.075161550837,5.416111914762519,415.0288773413807
Dem. Rep. Congo,2020,5960.192934112009,0.6034355034408577,297.9325222833807,1825.3788686612263,332.4879863704215,435.0468313004431,2825.2626493939447,5.438037934871701,417.66000266936845
Dem. Rep. Congo,2021,6982.951825908088,0.5948649265826362,297.97565239716863,1462.586482458494,320.11729907671395,456.52723912875183,2645.72426798523,5.435061479479351,388.6274463754501
Dem. Rep. Congo,2022,7649.869777321814,0.5990945354283526,297.7313609163554,1267.5306049334388,327.2922206721288,443.57433769195154,2768.666373474637,5.425918736347452,409.3491579102551
Chad,2017,19365.40625606618,0.373309217520306,300.4326857227712,563.6922233673004,262.81270557172854,474.6414469922379,1722.6214906094567,6.608990945514589,125.08644442139074
Chad,2018,16812.006237257843,0.374065494475618,300.62904820648725,608.388145334279,256.3796391281497,483.4655433132386,1795.8539858082445,6.595837880558948,129.72273888687948
Chad,2019,15695.941135115934,0.3821595056872015,300.46818021165234,685.2233065404978,264.29986450850464,470.5350840172729,1717.6403380763727,6.6460405872301775,125.28011716045046
Chad,2020,18519.7578149147,0.3879499733589112,300.380550663458,518.8567081224838,245.8754825843618,494.8622125425328,1802.1783707302384,6.610120004437266,130.69285332243436
Chad,2021,18695.521432211022,0.3631857482922981,300.72984721004565,430.8165425898085,258.7756006843801,477.00700069118153,1711.0615303924842,6.6878768040246666,123.93344079580775
Chad,2022,21071.704053178928,0.3793289005842453,299.95363881177894,518.9035464979806,246.76762699906345,493.4705131801522,1808.5935592458848,6.627849425046901,132.5689517135079
Central African Rep.,2017,354.89532974779416,0.5257928826663111,299.8997144631328,861.9863613029464,220.0807641647837,546.9719435014938,1856.1166700577196,6.096242356745875,208.2877928992725
Central African Rep.,2018,493.4038064531862,0.5052044546244615,299.6729874086549,844.4976588107208,220.29017505900865,545.2048337922896,1782.142964857068,6.093886047731445,204.11813252723
Central African Rep.,2019,567.2927967433823,0.5214068097757303,299.93157587773084,963.4644720876286,219.6495272466765,545.1944675358029,1799.8564370822437,6.135468326541095,208.5799690906929
Central African Rep.,2020,706.055273344853,0.5246899780443078,300.0440348134909,832.9470691328106,206.83691616681355,560.7553287659549,1849.5399493987547,6.124173749893396,206.24746208326331
Central African Rep.,2021,657.0630259392159,0.5301331034771832,300.1626011115537,720.9354336789703,209.67791713298612,558.0946790910418,1879.076559534816,6.110062162425187,215.1172387291907
Central African Rep.,2022,1107.0652459607843,0.5259629030837367,299.8785562084797,743.5345948232296,205.86317294715715,561.4005132544105,1782.7453167283174,6.144707675740687,205.91534448641843
Tanzania,2017,45752.3468137652,0.4411698470484068,296.0956263678072,867.2797360418568,300.57257380902973,535.6431705381792,1455.2142212077083,6.415637824927378,198.3745674817687
Tanzania,2018,44751.75111750662,0.464898133566728,295.53579954160904,1013.1997002926396,301.73070983100746,532.064184525291,1448.2582479755815,6.443041227565123,196.08683646185003
Tanzania,2019,49955.32699360539,0.4629301158750275,296.0506394517471,1074.4516481322987,301.839957759515,533.3610063365414,1446.4847751420978,6.43661914677156,195.8954030185295
Tanzania,2020,54813.68668851052,0.4959335195663002,295.5992526597996,1211.342627238195,295.4691274595079,542.4333893608015,1419.6385727818954,6.450361736391476,192.581328695301
Tanzania,2021,57483.04374823874,0.4666726415898111,295.7004857377376,760.1586806805375,299.10472740985574,538.865635448351,1435.79117625924,6.416467943620636,193.22647218383565
Tanzania,2022,64773.43962118607,0.4571688670869773,295.6653418454498,736.7764560421414,299.1964930998621,537.7027600250921,1479.2417216898507,6.317832430000647,199.5194328452877
Somalia,2017,6872.067320941176,0.3179369670361237,300.5096372869672,350.1260027045345,358.8426647855811,288.4364029674652,1427.6588632189662,7.778778456890909,208.8781534192206
Somalia,2018,8605.35031679951,0.3697844188698084,300.0548143809734,410.24929260566,353.78362260360905,294.02048793387706,1420.9156116290137,7.788822630959534,210.01190884892816
Somalia,2019,8651.026118136275,0.3588395022237372,300.5940924512917,403.4789844013871,351.04842112511625,296.77295533176914,1421.281427658251,7.783973863836623,209.8363861175493
Somalia,2020,11560.514129779658,0.381312245547004,300.7158982247676,403.96574094590864,342.9611835688709,310.72816535506183,1409.2311739919303,7.793327895330071,207.701537688992
Somalia,2021,10233.126927595344,0.3398031913755206,300.418631135224,227.81431667300515,349.22753791231287,299.7518850383869,1422.2194568893951,7.798406283994917,209.0506018657436
Somalia,2022,8776.607896467403,0.326967877753611,300.4021436733231,200.11626120757683,351.2885590482123,300.905870713971,1424.5225581653303,7.76719627590995,210.2630906722856
Kenya,2017,51475.15746917813,0.5568446877706209,298.63996320283525,1152.2319402826402,389.8488328307957,341.4893825915436,3141.0952179622213,6.066163824656714,406.876672260044
Kenya,2018,53996.27234404259,0.5660273091840139,297.8393706947074,1457.5306444627445,383.1141705860288,352.92629063055466,2997.096933351578,6.165995501103589,387.71153259542297
Kenya,2019,52224.42291088746,0.5733229753839443,298.5656485984826,1586.0516838194997,385.2115249891691,348.4218176830162,3082.6774003474616,6.11592373762347,399.1982666482365
Kenya,2020,50876.18499656906,0.6248893643621737,298.10446237975566,1736.038919628254,383.00804130546777,351.37748094962825,3048.895709977475,6.171148935248474,394.86719725375633
Kenya,2021,50880.98526981196,0.575890345993482,298.48229153348166,1109.284745996639,385.5650445438581,348.3761756129522,3081.395388776417,6.121667354376909,397.9834000871225
Kenya,2022,52897.93297504945,0.5545517133397027,298.37507514457525,855.8799759665393,383.96932601768094,351.1602706996578,3061.819448993019,6.1188220938630575,395.6781397886072
Zimbabwe,2017,18762.44970812377,0.4728964226257151,293.9638845094894,863.3822636014871,245.1880960473733,569.7999910853651,1061.6515708663817,6.325228036146092,143.24709882429443
Zimbabwe,2018,20935.19995598162,0.4438265166039908,294.71703548111657,617.146609836095,240.58199106251575,576.1589823582644,1079.7193564638162,6.313209993562774,148.31042392979265
Zimbabwe,2019,27819.73590369804,0.4115001515234351,295.4604517411277,529.1104499465617,237.11832067646685,580.7733661369327,1081.7502566077376,6.307585177805924,147.81923030935587
Zimbabwe,2020,21227.285003716424,0.4163708023632439,294.6660825598791,678.061490612571,240.57230589324232,578.6141130614961,1095.701647507892,6.322928157276445,152.66561053238868
Zimbabwe,2021,18875.905943642407,0.4504820291517486,294.26873378948653,663.9882562538936,244.1238587186694,571.8872909540372,1079.393594263409,6.334985301569519,148.57276944916265
Zimbabwe,2022,21797.3889596652,0.4752725106445495,294.1849904627832,560.2890411213027,241.43918230789723,576.0442391491346,1089.8137713603787,6.304914801659978,148.98414913152348
Malawi,2017,12926.91476640246,0.4856038047365401,294.8253572823476,1038.8443472516549,209.50573639596092,679.4557582270734,1286.8208470833158,6.0113699987456215,162.76256365672612
Malawi,2018,12193.555083875495,0.4778222958913204,294.7487431163895,959.5829053075404,206.19544492083725,684.8365424634659,1283.8962488616776,6.012135676875132,162.87723102253176
Malawi,2019,13130.54055639755,0.4738089143836942,294.9260160468016,1147.4476489624717,204.46417025973983,686.6389832369414,1283.4827891546076,6.027183426263611,162.9342759312514
Malawi,2020,14592.302316576232,0.4529093831091346,295.0026661495241,904.3182704871036,204.65314375590305,686.1386486657047,1287.0400242195055,6.020888549015873,163.07073718535815
Malawi,2021,15231.884212676476,0.4650482429524651,294.78927333243416,904.5069503729636,206.88281368490107,685.8419998052925,1275.3439143489602,6.019989726588923,161.66575927856996
Malawi,2022,17849.55365301911,0.4561905220845504,294.38762631638593,1023.9535654976044,206.77940264075744,686.0732008061026,1272.5785141333472,6.021337601372629,160.62593248838672
Mozambique,2017,10687.907061667647,0.5386040434807082,296.77616335326815,810.912231786232,247.7923117250452,558.6012953027853,1492.3081138733892,6.220103184762221,204.39521982583665
Mozambique,2018,9227.260165470832,0.5139803532174873,296.9867907396816,683.4743419584793,249.9454693408074,553.1194753751922,1504.7944080913337,6.2181496906877936,207.7992594908125
Mozambique,2019,10737.00122151642,0.5044155091747105,297.24016363554307,801.1457810420447,250.7481610545334,553.9016348428291,1504.4341216234852,6.247405001755228,206.31897648208584
Mozambique,2020,13136.320173561511,0.4978674479018151,297.24960079822534,736.6667363260211,245.28858783643872,564.0468822452063,1476.9024579319298,6.205854290534513,199.2424815750664
Mozambique,2021,12155.873463633086,0.5180975186679909,296.9295837061374,748.4239894899953,243.91395938194665,569.8489030070173,1464.292981713722,6.182295213634276,198.0864663325401
Mozambique,2022,14481.376589672793,0.5299786854265984,296.8184204663376,767.5805902609113,247.1941932402817,566.9033785040069,1504.0434187039011,6.15987672791513,201.53158456979088
Burundi,2017,1085.8589997654417,0.5602790173117954,293.7992120298671,1306.3425719082888,353.0592096935258,412.7010260341213,2448.110641499881,5.702808056372101,310.63166270552745
Burundi,2018,2255.3575956477944,0.5839907725457025,293.3086407817822,1616.5624512268917,363.3862698885405,405.8799613620886,2512.4196991908907,5.565537338318942,315.3154749411036
Burundi,2019,1701.7364359955886,0.5689054015786664,293.7442473397355,1480.3361691099055,359.2003895720248,408.1945275285256,2467.5001984786386,5.6457059377423295,313.816619676846
Burundi,2020,1670.2172056987752,0.5883128800017186,293.87132396038226,1302.934222374511,352.5337214396051,412.93333179627865,2417.402282525994,5.718199801719962,309.78998200167126
Burundi,2021,2558.103624941422,0.5859125918058604,293.5583075974672,1267.1445997010017,362.5888146431825,407.31629384181787,2495.029533046811,5.600247598902001,313.62676774570525
Burundi,2022,3750.308980636029,0.5704628413766825,293.4875821692316,1047.851830828835,364.0481500321962,406.7329267950154,2506.316877269744,5.574334511961565,313.5498687745337
Madagascar,2017,19987.32227171716,0.4648920077404003,295.81089731272243,1097.3747691883757,285.30523201246234,505.0271776847434,1862.693581345536,6.057526531009639,294.3600322053223
Madagascar,2018,21323.97536574363,0.4362783887598987,295.58564221214874,1073.1908443420548,284.3149336320987,507.2564413969339,1850.195756664612,6.075456659075099,288.2820079846909
Madagascar,2019,21418.3371865598,0.4723183716770775,295.9691249751043,1106.642614253642,283.1502615364562,510.2136675590808,1809.998098798756,6.112443577253395,282.8879825112686
Madagascar,2020,23434.28041796936,0.449296940096017,295.76861834611725,987.4483113090936,284.7522849414297,504.4776693246467,1909.260204400524,6.027708998817128,302.8416389461377
Madagascar,2021,22628.234126973777,0.4429136043818759,295.66122988133026,857.6661477867297,284.6927377206085,505.2924443991562,1879.7967155483764,6.048963938929663,295.4350290996329
Madagascar,2022,31078.542546151468,0.4270715429540039,295.2804413612527,887.484081487965,278.7850185397073,515.8927372788563,1816.5124649946515,6.117525450327202,279.6094595467476
Eritrea,2017,1115.8717309419117,0.2341081658085699,300.3555586338851,301.5917338218009,395.1630537622441,283.5431078862423,1304.183096337934,7.60427391752004,120.90669804817242
Eritrea,2018,1020.2111292009804,0.2600641122210837,300.0213782265143,406.57960415700495,383.72407145907806,300.9800651796674,1368.0901510983197,7.596016114075962,129.47073233974868
Eritrea,2019,1643.2416310818626,0.2695438614455617,300.02168494014865,445.2358516394125,396.1266085781247,277.13943646445915,1275.5566746706156,7.624533542298714,118.57017194675568
Eritrea,2020,1464.296270802206,0.265637560999868,299.92515497343453,307.31919477177246,384.6483997004969,294.6264815192976,1324.3729766523725,7.622940848138318,126.985710043897
Eritrea,2021,1920.3437781879904,0.2473258150230037,300.4313981791903,211.78266276250645,396.92859740942055,280.2845030007882,1278.0534605047787,7.6269971911815215,119.94212646213838
Eritrea,2022,1581.428257840931,0.2648180763642181,300.16928477463057,240.03299789112344,398.33348511153264,282.03029070800886,1251.2741284725353,7.616000262973996,117.3564840822826
Ethiopia,2017,179170.47675227572,0.4615890485013245,296.6740497276606,1545.29531287018,384.8712222580681,273.7112868666455,3374.3808227284585,6.384932745064107,408.2754055868272
Ethiopia,2018,181156.1770453213,0.4704640662024982,296.2369461190014,1572.5123103373576,384.8596538849254,274.36365187918057,3372.238496946737,6.3826970444795545,407.6028617413575
Ethiopia,2019,185098.01713859805,0.4809133396239258,296.60477856473324,1668.0629248590703,384.81596855529705,275.17926865770147,3365.782117888218,6.394586486883108,406.8457796851805
Ethiopia,2020,181078.63264993925,0.4849736638890244,296.48368105025685,1543.993170666579,384.4803960659624,274.6943868269374,3338.044982086506,6.410008621603353,403.5616152587809
Ethiopia,2021,192048.0203393809,0.4587814396690259,296.6615682627807,1329.076153917133,383.6881596460783,277.3019318541569,3353.405684404195,6.41179962022444,406.918709183948
Ethiopia,2022,193585.7428373796,0.4534949612934209,296.7526589528545,1049.9479652373343,383.5357128747745,277.5406528329155,3364.7633234144,6.405971374548159,407.7930570442908
Uganda,2017,30195.122839478918,0.5918495025816557,296.53530390112707,1204.0128135993843,361.59450614888055,391.5847087879735,2890.3640726148155,6.009186657619587,384.7170079493715
Uganda,2018,29951.30971706176,0.6067376363977801,296.002963300866,1412.127576269461,361.19049092117433,390.7327629228603,2913.936688408161,6.004921357161515,389.50725444931214
Uganda,2019,30673.290828274992,0.6195754479601077,296.2988972168488,1576.5698817754787,362.9849123309684,389.1615326346312,2923.211527111339,5.985346134822403,390.4797129882369
Uganda,2020,32902.368738609555,0.6582215456566356,295.85109718008965,1589.4159113916864,361.23548002351976,390.4249242619941,2926.640887127204,5.99104759675536,390.26081857595545
Uganda,2021,35774.17010335344,0.6210092383135806,296.40099218734,1100.0382266625415,360.48776488994304,389.9573735463255,2983.60154366459,5.973867378538129,395.7696972495573
Uganda,2022,42220.26770623799,0.6130792667549051,296.18880629120525,972.8774108257228,360.2654627331838,389.8551101232536,3007.421637193322,5.969709166427542,399.4187341454621
Rwanda,2017,4317.123562507596,0.5402673858422831,292.550633461846,1150.044675801964,366.9886064080271,378.3270633231025,3082.7967175625577,5.722363387448009,432.0046260768844
Rwanda,2018,6075.707228256618,0.572425113692173,292.0501779035041,1459.781730917603,366.7028938250575,383.1991619118601,3080.193899777995,5.695667216139155,433.5583314326263
Rwanda,2019,6192.101342351226,0.5558819576072926,292.4857463185864,1334.533306637962,363.7289559232096,383.4643148236245,3107.870924299829,5.674672074435163,439.2799473192233
Rwanda,2020,7381.169810942892,0.5747889890824311,292.53026897207235,1442.9162204005731,366.7102207699848,383.82807079096153,3045.7617341185846,5.704749920478003,426.6781550736482
Rwanda,2021,6792.034117760295,0.5703299901818754,292.3759761216656,1067.0627970663893,367.14977018740353,385.631880910081,3044.1335234110848,5.707234340076799,425.8308579242848
Rwanda,2022,7965.556114047304,0.5844055751277906,292.164032362069,1017.3801197822836,367.7364693491271,388.4496253965012,3011.2993158346435,5.712323229445198,421.81709446651945
S. Sudan,2017,1314.4799526808822,0.4052878155055405,301.97590561730703,558.5847151722841,293.0594954496384,461.2952427764141,1703.846406450718,6.607216047186256,206.1643616353837
S. Sudan,2018,1444.7223128710775,0.4171336651694953,301.6453211373101,537.1168347155499,289.9257146583277,465.67737390175233,1727.8516532897104,6.5770552362915735,193.2836013024054
S. Sudan,2019,2107.2576011676474,0.4519194320477541,301.52994471339406,694.3871678494122,286.13108150156694,470.5402266278459,1725.7053393490844,6.531135769267815,183.55436505746428
S. Sudan,2020,1559.7405692615196,0.4462669764089585,301.2838442987262,648.4183612689013,287.6978338710434,469.7573919932451,1652.3702876531688,6.618762085446386,192.7584819225269
S. Sudan,2021,1847.5361465164217,0.4462875671577246,301.8492184121153,508.8950640149231,280.7560518976389,473.373352971361,1640.6043309580198,6.550824775690641,185.5395520889481
S. Sudan,2022,1509.0642007948527,0.4438965685659002,301.5733863890132,446.8427539246277,288.8436982252274,464.0208913189644,1649.1905083283646,6.571666814670101,190.17605932921091
Mali,2017,11250.687286118871,0.3112487689867181,302.0040671981749,318.6010747042715,234.15562623194268,529.9157007372497,755.8904199514101,6.545805787213373,77.56862747847057
Mali,2018,11410.969691985536,0.3203766356085629,301.9424792741434,391.9812189922917,245.33901127886,505.4138039655862,808.8905096361037,6.552980173443681,84.9143673708868
Mali,2019,11090.84952968774,0.3173922988293867,301.6929078900595,389.8483682718995,237.6840899395713,523.1994919781564,749.8553783360783,6.619636071881594,78.46657226791338
Mali,2020,11539.120866348529,0.3338972711022623,302.10714072758043,382.2017587724366,242.83496295703432,513.2464467850313,764.2075026672424,6.6347429646174,79.93681823273805
Mali,2021,13125.853705769116,0.3286565213267224,302.64874306380955,272.921264859526,238.1454535033621,511.9377475053832,757.4435545923185,6.627191670841557,81.15339882654445
Mali,2022,11525.798394305875,0.3394935795246226,301.74066754094423,285.54751771649376,256.21784001318275,492.8457181699197,779.1724250061795,6.610613437228594,81.26334328587929
Mauritania,2017,3924.430827607843,0.195954399327551,301.0710521439263,69.78222822759028,194.9805996706046,600.9922496401691,746.2918151965682,7.418564727821286,69.15014828136538
Mauritania,2018,3813.464797567892,0.2018980070886689,300.15135970488177,81.92216755557595,200.64830724784747,598.1347729967331,692.8663525708399,7.340833769098147,69.96564988051732
Mauritania,2019,4492.192785808577,0.2051845428321583,300.3382103226956,104.39522234345566,204.9616547644837,596.5581436786835,640.4227618771447,7.299654988086172,69.84758920224608
Mauritania,2020,3945.288843670097,0.2172320869229352,301.37666650504605,144.02402692083675,207.98768343448927,591.2749653765219,658.1052853514209,7.318679491509505,72.1310990286445
Mauritania,2021,3864.9080323237754,0.229144370349285,301.4408834986988,89.92258896868593,210.9832420000452,587.1185236628788,688.9949939373298,7.319625919915309,76.4297116650921
Mauritania,2022,3796.356883767402,0.2365804618701913,301.04050956905166,128.84358146813136,211.3405538719688,588.6577929639275,673.1145177771972,7.314740127768923,75.74631494867262
Benin,2017,4505.32362825662,0.4428342723583185,301.0296899977905,777.1068392621044,192.13773568791927,579.826943797214,1525.3521820407457,6.216582629766916,165.02628046293432
Benin,2018,4438.7745668875,0.4571214724794448,300.65463268085574,936.0895604378304,190.94911087718805,586.048224042754,1471.2028470941116,6.201107398853695,169.7545934894588
Benin,2019,6936.425521544365,0.4622995949994601,300.8400236004787,978.0024241075234,194.639701330879,576.1857657955953,1521.67932746134,6.226503489243256,166.09390607813606
Benin,2020,3313.5610159482835,0.4582694475926279,300.8747574264553,814.2194329902416,194.6917324937785,590.0515921099856,1553.1803716166996,6.188671814388271,182.5066522222872
Benin,2021,4953.005339976717,0.468243967200759,301.2937715845163,751.216843740127,193.78824414480837,594.5814528922224,1563.848459790766,6.201800223946745,191.57465529343176
Benin,2022,4458.897218350492,0.4812090447702241,300.6395880022482,741.8233474861661,194.25019357176976,607.1196321225957,1580.3188900902524,6.161652847130757,208.29796906111187
Niger,2017,4038.3733961754906,0.2416276105001651,300.25718586589096,226.0386607717493,226.0987258809317,553.3861280780392,815.7921959030983,6.93936531144506,71.40334622932649
Niger,2018,4022.873179839706,0.2372984897486551,300.8353817712432,221.16353948275972,219.83835780016497,557.0592852336589,785.4239042050095,7.058434754589307,71.30723248972669
Niger,2019,5718.743502014951,0.2112591366459748,300.62383033886204,197.24517289222905,234.10121256602267,525.3780158046965,719.54879013866,7.346504448034364,67.038632339028
Niger,2020,6378.853773294607,0.1890579047128905,300.61851420504865,132.60047075299877,238.47544540119668,503.4827790589522,672.513994898742,7.591067164966248,63.37828600418423
Niger,2021,9168.695514832354,0.1803148261116135,300.8879020017768,75.37956186460562,249.69359916725216,487.8183903305128,638.5008485557082,7.727486898836733,60.59670852647365
Niger,2022,6654.522143800736,0.1954009319989256,300.0028346504365,106.48036429942414,236.23601867968932,518.9450217741037,679.0428812422938,7.467374147548073,60.84639874650085
Togo,2017,2184.718703437009,0.4492046999515337,300.3175201076656,912.0382418408888,217.8017376718524,545.0734143830988,1807.9142791295703,6.179475555570968,193.9704914439973
Togo,2018,1553.6509527394608,0.4720394864438693,299.9180534193351,1105.7637191999372,220.71628211182343,549.4361450407703,1850.270773411044,6.168691123554622,215.99676594348853
Togo,2019,2819.340150410049,0.4589113716537297,300.2330092037203,1079.6202873025418,219.4946657168857,546.0430558243401,1840.9257263011104,6.177847119675961,206.4411850532381
Togo,2020,1539.491016583088,0.4682624515982116,300.2833690947711,900.7462129279004,225.2321804291176,543.6987054331036,1931.183468853813,6.1587499247557504,229.5740332394136
Togo,2021,2325.2311890017163,0.4704173572319892,300.55069355930675,852.0868889614027,222.57056911472355,544.1805128412308,1879.75221819908,6.167615599580651,220.3636686926162
Togo,2022,2634.5778090085773,0.4762713341639274,299.9955779845242,819.8347121164239,224.89056623532065,543.27903358516,1946.258578801705,6.164460542678638,231.9801888969128
Guinea,2017,1804.65681642304,0.4849330024883156,299.24280914860003,1318.5446523450046,266.7151864041322,417.65569993381285,2163.4657840209434,5.700833593001913,274.64376092051015
Guinea,2018,2366.696675879657,0.4726290541558454,299.03750709444046,1508.6662514597283,268.189420086328,419.060350308868,2259.635556436257,5.682839000939095,290.05616270040895
Guinea,2019,2102.0336576786767,0.485600564480991,299.3617243924482,1405.1808112273172,268.8665748650863,424.1730857254953,2141.4655224804887,5.729590623930209,278.0164118329782
Guinea,2020,2279.3316238627453,0.4724671423361743,299.4462960538147,1429.4811489427163,267.795969189784,427.974056364742,2152.924121879886,5.718187148896739,280.2090934096061
Guinea,2021,2710.4807204323524,0.4868563370008585,299.6006179985876,1232.9687845685653,269.4093153311972,428.1496328302741,2126.357143282551,5.738643943635129,275.41075320792555
Guinea,2022,2445.657058120343,0.4833698806537894,299.1040707686767,1154.7772857396117,269.3868440202962,428.2509196093612,2192.8723927786987,5.715440797759043,284.54456028305293
Guinea-Bissau,2017,416.210783922304,0.4636634281454575,300.8895660032914,1002.9794876735472,242.73036551629423,500.3196158449254,1858.211834644588,5.330781455394456,300.02481139345275
Guinea-Bissau,2018,632.8164204281862,0.4576292947001797,300.43189759281137,1394.9358309380325,255.1095221101126,490.649774519028,1897.7507640398403,5.288801868734387,320.3873396929686
Guinea-Bissau,2019,529.0438941855392,0.4552005745363499,300.9503412411391,1076.0981558395652,257.1557756073354,495.2529417514417,1899.882908894052,5.225225001691742,324.58616811920143
Guinea-Bissau,2020,467.0034905438726,0.4402499028542432,301.140215401303,1513.2603370965314,257.5138410130144,492.5685455504748,1922.0712451635595,5.212298628209637,334.83585692146005
Guinea-Bissau,2021,477.9227692889706,0.4743317793072186,301.0965471000212,1106.4733316017546,254.7512151673241,497.6132756499979,1902.746396912245,5.219966068626204,323.30676195711925
Guinea-Bissau,2022,435.8369651941177,0.4628659065828763,300.70336480226507,1051.226658022035,251.37261101676629,498.45106630513305,1896.978505014871,5.216380661081035,325.1739284417
Liberia,2017,26.6753345,0.4623884326355341,298.16887970005,3177.259352784375,298.07899975118187,428.3525752674794,3962.538069171436,5.193655138094053,535.6431473956409
Liberia,2018,27.650609125,0.4932440258254331,298.0080014022008,3011.041448437926,293.4634146341463,436.9512195121951,3950.0,5.209756097560975,513.6
Liberia,2019,25.425906629166665,0.4864449620834221,298.3688879651546,3052.4694706737023,299.80442541042106,438.7110397335236,4257.157030692361,5.192588627171068,516.6671876878681
Liberia,2020,18.510150441666667,0.4584728679335517,298.42092932389335,2406.4276050625267,320.3844184345282,394.1417337234821,4386.415691294807,5.197933430870519,553.1321752265861
Liberia,2021,30.357618004166667,0.4972633719704135,298.31232376134227,2900.504633599496,312.09029264810846,403.97692124672847,4270.322626695217,5.195622174637163,550.6790713952404
Liberia,2022,20.7360021875,0.4414443346508565,298.27603087974063,2178.364665710178,319.9033059430537,398.4756353907892,4305.246703611695,5.20974584368431,566.7670420865442
Sierra Leone,2017,130.6718160625,0.5057374064104163,299.040023462564,2259.5669401481623,277.02580031507296,436.28303064530513,3189.667895253099,5.32667419671254,371.8864127723266
Sierra Leone,2018,208.2903304375,0.4885463120946405,298.8402868146453,2348.595902807218,279.66995073891627,437.3152709359606,3232.8374384236454,5.250738916256157,376.2684113277273
Sierra Leone,2019,195.6235299375,0.527796594619146,299.1978361990556,2851.2368439642587,267.3155080213904,476.8770053475936,3183.4010695187167,5.322459893048128,339.8480392156863
Sierra Leone,2020,263.2980571875,0.4918030908962815,299.2004418808338,2467.564301270795,266.6942148760331,463.64462809917353,3063.5247933884298,5.35702479338843,343.14885496183206
Sierra Leone,2021,216.1510964169117,0.5179600140197204,299.2257119184689,2230.0463179562967,271.8528371093533,442.3107574887461,3086.607528574869,5.337644726848336,367.65997544178094
Sierra Leone,2022,286.86792131985294,0.4897942236247285,299.07953474865246,2001.5903366801429,275.5756931752172,441.7101202873295,3089.9185616525697,5.292012014564827,360.80332459898233
Burkina Faso,2017,1589.7518241884804,0.3842209284733731,301.8729403473704,559.671776714526,214.10722091632647,531.5378584441322,1046.4053848187798,6.3198552760210855,124.31168938595876
Burkina Faso,2018,1608.3557407372548,0.3905832552234725,301.81074917076575,657.8354507393072,213.6305477306812,523.2346483071027,1079.585791554822,6.3297775103237015,128.24643987341773
Burkina Faso,2019,1819.3257708536769,0.3980380179209661,301.8564103103032,637.8414759530771,212.57707814500367,521.0605041517254,1064.787203641544,6.354809356084491,126.66764486637938
Burkina Faso,2020,1540.5221845303922,0.3941084032334798,301.8007076613825,699.2379483713108,215.40863854355945,513.7559191840787,1081.4726677973706,6.348565157017461,129.24541177726437
Burkina Faso,2021,1931.0845308051464,0.3997711797027677,302.2768473202848,486.9362663868401,214.2973796330153,513.3574999949496,1081.972966038864,6.350419489017328,127.90185864683674
Burkina Faso,2022,1603.091608091912,0.382270128543928,301.4423187530242,543.3344002399156,215.13989406008247,526.3470604665546,1045.4067414497406,6.360279264405882,124.43842246949912
Gambia,2017,3530.724065352208,0.3751438435421816,301.52317010940595,496.8654100582054,161.3954198658655,671.2858461117314,992.8565504284976,5.839474875159498,124.9451055231253
Gambia,2018,3279.48708382304,0.3725686467061238,300.92683342005967,577.9595542913103,164.00219712464795,665.7684790277158,999.294768045057,5.841970416481396,127.30882265931744
Gambia,2019,3300.024880845345,0.380633879781001,301.0905112138061,514.0519654372396,162.4469298204861,669.2692800862261,1006.4169109585222,5.832153144280083,128.24352330995188
Gambia,2020,3371.834774664708,0.3874905334644655,301.47484896158846,723.3706561374221,164.17726502281533,664.9418703328467,992.4235159843251,5.842365553092372,125.61313481442711
Gambia,2021,3819.055673834316,0.389909510469658,301.40717911919114,576.9061223524827,163.70018353261042,665.671897498922,1001.9702669018656,5.838426592560659,127.1298075086396
Gambia,2022,3347.7872570191203,0.4005420148437112,300.8216083275807,538.1563334536926,156.9635601965402,679.0786834172367,976.4710024225104,5.840468576429796,121.68577281053804
W. Sahara,2017,267.9042783637255,0.1154784930662841,298.28327218547275,10.706860290604448,146.61822551760974,618.2873637249049,1150.9962769801125,8.153845549655976,54.498327354192206
W. Sahara,2018,186.4606674688726,0.0982057980604359,296.5673703282267,59.48683683952914,153.2232679260799,611.7365511570002,1148.9152294583914,8.184236014345434,51.01077142068026
W. Sahara,2019,232.3260765122549,0.0982551677802982,297.38883505068264,15.967527014478229,158.12476998083963,597.2143873427807,1086.1089484567374,8.240155179936638,51.86526495726494
W. Sahara,2020,110.33362580661765,0.0831037668587972,298.7177713635757,6.645786665727546,158.79300770403975,599.9207696218372,1126.670525204333,8.218434945837082,51.59814633411197
W. Sahara,2021,75.76930908970589,0.0785718490325772,297.8449878745341,12.664160761642233,150.99625216758963,605.3381999216871,1091.8945013145385,8.205168652458466,54.88264769253897
W. Sahara,2022,98.77513749117648,0.0817381251463203,298.50377846197165,20.59328113618421,156.86579344677034,602.8327008609784,1165.1339617252213,8.215216060717347,51.713435310074594
Gabon,2017,342.55559213750007,0.5002348703342366,297.7051798965329,1765.6858690216634,276.7214642298092,514.6983860049921,2567.887443414985,5.10454901214198,411.0495323331118
Gabon,2018,244.89106532450984,0.4916818786657044,297.60076712783706,1682.251547788853,284.7998137802608,494.5621508379888,2497.191108007449,5.1100558659217885,414.0095141898276
Gabon,2019,298.6205601274509,0.5326200162658864,297.7760125831912,1804.1573357132245,285.3510727808162,490.0706773243584,2507.3321413546487,5.108098443416071,420.73864455659697
Gabon,2020,317.6991502973039,0.5000500572881751,297.8287730020347,1726.1233192203908,278.4149030038747,504.1677259299991,2469.1870995792788,5.130800905382421,404.8426991099026
Gabon,2021,250.85170564558825,0.5070438271721579,297.7395688785022,1617.811841295291,282.7598100354984,493.4733282164444,2497.064488790816,5.118622277655185,398.2299003971096
Gabon,2022,391.07181508872543,0.4992098417102992,297.57101303600126,1195.441714689344,267.39631996474213,510.5450914499779,2502.511596518289,5.148529087703833,409.1442894668689
Angola,2017,10705.62224475098,0.4543308954777143,295.8188482532241,793.6836582294173,211.9309882913276,694.0531409748487,1088.7359950053817,6.006123803674405,163.68745166480704
Angola,2018,9881.473216163971,0.4616960207508959,295.82023749602007,941.14592364894,207.5379327305297,696.764747911201,1104.070840343366,6.056741658866358,161.7645033457021
Angola,2019,11503.043615324264,0.4465656716155231,296.3404475138632,936.656376282168,202.91652399807435,704.1779537131698,1072.6627111630398,6.044707941839898,157.97022799507613
Angola,2020,9860.829913614216,0.4567887971052212,295.64685710082733,900.2575431675116,212.458032090158,690.5601320376295,1110.5220771055187,6.057607874510928,163.20801873233367
Angola,2021,12569.22579292598,0.430994695908608,295.69725364113583,646.2265896292831,206.6181267934433,698.2789964745673,1097.9683309325178,6.040346935207264,162.0097426143297
Angola,2022,13099.695716879412,0.4593082449093567,295.3636684933557,598.9958062402359,203.9125375215889,702.8312894472488,1101.690048723471,6.044670614304744,161.82295750857406
Tunisia,2017,16819.03859139093,0.3512388631048375,292.50516270087536,278.0216865399187,328.035444307061,343.6022608790448,2124.359577323843,7.534916392805661,279.2914173293654
Tunisia,2018,16712.339087100983,0.3660163878776062,293.0012306366048,380.7940745902104,327.98776456914175,343.9915242420526,2134.111774818286,7.5122001502933315,283.44153193248684
Tunisia,2019,18636.038978450488,0.3803978398498517,292.819220668751,423.70309932307214,322.71272577917404,348.3271855155275,2133.176477221233,7.529571071540007,277.8132170660588
Tunisia,2020,17548.7562431223,0.3507960831921586,293.20981307692057,330.9904000293584,323.60923721063006,349.3179799953814,2103.363979216432,7.53429495822777,275.06174158370203
Tunisia,2021,17217.57553453995,0.3481333415641106,293.785265555107,292.1480688108539,325.59411170492297,345.62945603629294,2112.895260651646,7.529513642889154,279.5252573938384
Tunisia,2022,17798.996889134312,0.3400233904115093,293.8212303250541,181.96849208268648,322.7439008476371,348.51163605931754,2101.778325450528,7.531991609670091,277.20060006948427
Algeria,2017,40079.33367921274,0.2939346011919874,296.52484326350645,294.5354632662078,288.8109991431421,363.476472266433,1966.526933083995,7.4613712656581725,237.29518197933623
Algeria,2018,52361.62384256815,0.3359514452565436,296.48271825203784,479.26389733358366,285.5064324394336,365.8350443930184,1986.544691891714,7.445302193709135,236.95360205051315
Algeria,2019,52339.281578250746,0.3162404349801458,296.37739427610506,381.4897154330271,283.2353318063919,369.092364785068,1934.7977901790084,7.483845847961291,228.8896297309764
Algeria,2020,47667.74577984827,0.2994655203240542,297.03234463222503,289.044592763121,283.42032997725704,369.2016748062633,1943.2133251830735,7.476239637661223,231.45975425666063
Algeria,2021,42966.71133731371,0.2856763831639712,297.5177730504214,264.4566033419573,285.006257175014,368.23428451787737,1923.089913251563,7.485349888268625,231.6520198139781
Algeria,2022,50200.421783461774,0.2895612013815863,296.96466165785966,230.19491887932736,283.94722509780667,367.0269664902312,1948.482384962536,7.465382048811692,233.5426042945275
Libya,2017,7361.407627374265,0.2292534033408756,294.5524381622251,123.99616787224036,274.87315841487094,413.9801151462645,1675.0721272384767,7.938324629801846,142.9752255963963
Libya,2018,7365.989493120097,0.2363657053178378,296.29362472681487,93.79908908711349,275.08549295403657,416.4410809956539,1679.567858817332,7.928124957197419,140.35294945915896
Libya,2019,8327.68531219093,0.2471112944732685,295.2134229482557,135.1812336227881,274.0859605811265,414.0328648078706,1617.575988707771,7.957322517282724,139.0080116436957
Libya,2020,7701.939551696569,0.2340584378619615,295.2780657729422,92.0717130094852,273.6422465398985,416.94743938100186,1606.7373882842571,7.95990927916678,136.4189686766363
Libya,2021,7710.531501269853,0.2274328130514178,295.78869703617164,66.09530996966296,274.01758555811267,413.12907610080464,1653.914633500009,7.956948660036323,142.77643438421725
Libya,2022,7930.979405902942,0.2328631538494263,294.9538762199043,75.71127941915044,274.10078347578343,412.819599324447,1637.1959340546596,7.962336882748931,140.89638908030634
South Africa,2017,150505.72726602078,0.4081631855793399,291.25295375476503,559.8064421280486,235.70205818784424,613.8663837455739,1654.8778633288975,6.464821660795359,198.3400647854829
South Africa,2018,151377.62445517987,0.4079847239340828,291.28524421355286,489.5652938956544,237.78190072129752,609.2566661795713,1677.0156646867867,6.442237047084939,201.4047106566401
South Africa,2019,152950.46586566273,0.4006054583664207,292.1213774288307,508.23251709082194,237.26895654630263,611.1734764352125,1658.8286182699028,6.451553361648164,197.9796897625211
South Africa,2020,150590.1165344336,0.4284371966551561,291.0786523020449,609.1620653077871,238.15495955116347,608.2894345939767,1677.335354997066,6.445999524637858,200.7176254718136
South Africa,2021,139192.58236165292,0.4317651424516574,290.6717001585984,725.1182433313298,235.8096095278563,614.5996178685781,1658.5909518801511,6.466128365793104,199.0123411640048
South Africa,2022,139944.35138213358,0.4508558949014336,290.85613185857824,562.0412629847132,235.8218830762393,613.063148803785,1654.2215759309831,6.473354541141336,198.23297823413952
Botswana,2017,2165.490147802696,0.3663195735044002,294.7830539189615,505.8649311976166,190.6184450276964,698.879939883305,887.0680325461866,6.571579723018165,79.53932362686662
Botswana,2018,2117.3264332877447,0.32622762737992,295.8086869322337,329.32161089740976,199.9142498468049,685.2684257874417,882.35496752636,6.643782140708555,80.85369299458837
Botswana,2019,2651.058333093627,0.3103441203972987,296.6786417972963,352.5561192070154,200.5312814590884,684.1388515347919,890.6222456235874,6.564914356488222,81.98636555572315
Botswana,2020,2262.461939061764,0.3456232555382937,295.1569620977514,409.8808405418127,210.24549585800432,676.0840778880101,882.0716827221079,6.570103489960927,76.8476983085276
Botswana,2021,3133.3847165764687,0.3572166554888209,294.544784026296,512.2465668626916,190.0127617417478,695.4940527132406,854.6855569854313,6.678428812168589,75.05184207776252
Botswana,2022,3677.945987672304,0.3852968559899491,294.82562549786,358.4832511157459,191.57984412088248,695.9054555561352,853.6520566821539,6.638760953761258,75.56382609144583
Namibia,2017,1693.2492947007352,0.3180011933419769,294.8477229037063,523.744120847663,137.93577270790178,724.9265863113349,855.1311574039257,7.774892263235499,69.65018970756827
Namibia,2018,1262.0552646473038,0.3219116587537325,295.1090910818386,412.3009333284498,148.90801965907448,718.9414628591828,933.5985554211712,7.600065243014842,86.06547468073988
Namibia,2019,912.2104018220588,0.2779801211501287,296.16085162646385,230.22371703259125,141.18179505376057,717.9419189552286,923.3177072872452,7.731748858508629,89.54037997639048
Namibia,2020,1901.023559275,0.3246828320510182,294.79779154487017,501.5004535226065,137.29664573410594,739.9699885730465,887.3245881746201,7.652842075458342,67.6510915478437
Namibia,2021,2311.2530322159314,0.3029504954708793,294.21546241079994,491.0487164202253,131.64363829557624,727.4120169678656,815.4047583075301,7.886306168699102,65.36385936771177
Namibia,2022,2864.5468242941174,0.2659064898867128,294.4870154348371,298.4442122651111,127.6529675956961,717.0459732917067,821.0851668486471,8.013353602736913,62.49415887214812
Cameroon,2017,4313.670475178924,0.5033172336889689,298.0445656774499,1323.5323039062323,321.60698679659066,388.4775284465544,2763.255472095804,5.860740580848438,332.8087645587413
Cameroon,2018,4534.3591371946095,0.5206161622923337,297.86448913861904,1427.2522388873483,325.6901723308282,379.10302807905487,2777.264705067801,5.850562896598044,336.8244460101561
Cameroon,2019,4481.410210399022,0.5177424394426098,297.9909170918858,1512.7858332532055,325.42551565813835,382.195337264988,2718.207217902608,5.890929627110583,324.26382599529825
Cameroon,2020,4494.300547378187,0.508760220537545,298.2069589123921,1251.39793630884,315.2761948365099,396.606639022242,2766.5980884359965,5.872146977644642,327.997874067455
Cameroon,2021,5014.490490152697,0.5089140061146751,298.1749287253448,1195.4012757129233,308.6884000972165,407.2646696385518,2763.1496699530303,5.926464323790015,315.98970661127214
Cameroon,2022,5429.378504399017,0.5040078057423691,297.85524633517093,1149.338570668158,317.3640927912803,392.94348204249474,2752.08801908301,5.858563804118856,333.879847540686
Congo,2017,1146.133012445588,0.5278810144037447,298.09192445103656,1099.5732063870912,311.99592862213444,455.308105869744,2205.980801887449,5.373410677968513,351.3185058063865
Congo,2018,883.8577080830881,0.51334995037462,298.1119591712506,1118.9422814796076,308.3419765121767,452.39465100811776,2256.4107271385487,5.420526472859219,363.8240366465193
Congo,2019,1096.7579303446078,0.5331908663319291,298.298165730134,1198.492426898711,305.4338738960296,463.1896803639757,2231.350062567359,5.372469026777564,359.82387477751973
Congo,2020,848.6098728865197,0.5306420181567819,298.2973647981393,1224.2450115929528,304.38568210905856,467.908455776103,2235.2081764093346,5.387985558290258,357.3169013412703
Congo,2021,898.0795502534313,0.5103342808567991,298.2483668212193,1098.4186879915696,297.0154144193726,476.55458007705,2206.6343819482663,5.421760372412546,354.4907418406087
Congo,2022,1222.652445572549,0.5188507416728462,298.0734385117186,822.2177665009721,298.86394452707015,483.89871490287743,2192.622718405347,5.3851918370569205,349.8644907106196
Zambia,2017,22594.89209760833,0.4787800975539327,295.01362983101734,1020.5988894790752,225.1179328522585,571.8423255498577,1135.9304792308617,6.164839492411812,165.07821220482137
Zambia,2018,23784.95948886716,0.4545386724282723,295.320722543156,831.0202434838164,224.09346563298732,574.344481369374,1124.9712746911196,6.167790051994087,163.5251036418213
Zambia,2019,29769.94902110931,0.4381539971090077,295.7266683748268,684.4009042770025,226.71206886577116,566.9721615353058,1136.3102689888394,6.172044935783483,165.02034339133783
Zambia,2020,24695.53247456887,0.4432607097681626,295.2109225356513,843.0941171685699,225.22506889784987,576.163668680571,1152.0024141185447,6.1613191656451365,167.976653565119
Zambia,2021,26104.127849938475,0.4581047501016399,295.072201738259,810.9545482531273,222.5880431855313,581.8883216232874,1128.7359551267853,6.150025360128791,164.35053704604323
Zambia,2022,31511.84130241273,0.4676703898052692,294.7088596509931,816.3597314557236,222.44817100944147,581.3262355000174,1128.9048699643042,6.153226917611877,164.3601574910731
Djibouti,2017,9.719542375,0.1465330434782608,301.7768685432709,104.66182961664572,188.7142857142857,478.2857142857143,1837.142857142857,7.828571428571429,139.8
Djibouti,2018,26.241656875,0.1400368760064412,301.4072117617809,108.32876721066634,186.34615384615384,490.61538461538464,1714.3076923076924,7.865384615384616,143.36666666666667
Djibouti,2019,12.636636875,0.1408568561872909,301.61786638095964,128.68999646055602,184.0,488.3333333333333,1718.2222222222222,7.877777777777777,138.6
Djibouti,2020,34.981652608333334,0.1619736088472764,301.5893747242037,174.00802627406082,185.0993003559593,490.50202528538114,1579.631275316067,7.884190499570394,123.8124809741248
Djibouti,2021,54.66406730833334,0.1527992807696855,301.5207827827853,150.4373760189996,187.23076923076923,491.76930333817126,1600.3898403483308,7.883417997097243,116.06603624901496
Djibouti,2022,172.095820470098,0.1463466580516438,301.5850725326561,104.64796972767,186.282730873722,488.2525767850847,1713.919575271159,7.9148572139613025,119.443295061866
Somaliland,2017,469.0006783308824,0.2265377075215353,298.1160438818378,174.60383947285126,395.2362030379506,413.3001365014365,1514.576345570846,8.112570036347474,302.20013644404605
Somaliland,2018,216.0160174377451,0.2460609416115496,297.59305969972,283.22639765591344,384.70006738066536,410.8207142350522,1508.9850166678486,8.102466486984893,287.5006852978538
Somaliland,2019,212.01499368333333,0.252487560471788,298.08259859665264,362.43236472690944,376.6681451831016,421.0944447449559,1524.9088729016785,8.109911469320783,294.8558701766032
Somaliland,2020,532.1566981416668,0.2551483104514143,298.1434231435883,288.8966846312667,385.9343959933885,407.6323394837089,1484.6144274901217,8.119637220058594,270.1751593934204
Somaliland,2021,840.4906998882356,0.2648249830274835,297.8301562909669,200.8938911447548,420.5896805022269,391.3830858831014,1510.0310821813591,8.120523761006234,288.5181057487901
Somaliland,2022,581.8184096455884,0.2327114084643715,298.18053204640034,84.58809600576367,423.015139940731,390.8236285808364,1505.771768192295,8.117383602239054,296.018844449227
Senegal,2017,16392.50791996152,0.339714754727694,302.05600874133285,419.45946447227726,155.58249513156417,681.5972338628118,838.429110153648,6.191940681666611,95.89425728838287
Senegal,2018,13368.188963119115,0.3335558225982306,301.66680721424177,461.1976644470123,163.71649193707097,668.9352093620652,851.2253520469674,6.220804587143919,98.2003943848392
Senegal,2019,13354.71037264191,0.3240383459708382,301.92040658941204,393.14972634003806,162.63375799981753,667.9368024964407,812.6528847405814,6.284226373830587,94.04822555629016
Senegal,2020,14503.73139777745,0.3464683674141549,302.1765086015984,566.122715053609,163.95196356566757,662.9529944882506,810.8927776164586,6.280986543309869,94.51788095376244
Senegal,2021,18240.69294720982,0.3501099285240238,302.3403686023756,443.3205722712959,157.97776508244698,676.2873782013589,832.3901362252539,6.229943005257522,96.9606837457837
Senegal,2022,16383.532091602692,0.3574196519906317,301.57575728356545,414.1885727097786,156.53705837956426,678.5932737537056,824.8764821028809,6.228484535877196,94.36241756826996
Nigeria,2017,65386.31888663432,0.4002270611901445,300.5165476410233,738.708192880274,177.52197866090717,608.6596083522581,1273.0979389451834,6.112737670373209,145.52823857847488
Nigeria,2018,77605.09104011374,0.4118016891618455,300.3120327351063,822.1341288444737,178.77172946591446,601.0233401554473,1284.0136701187944,6.057690181763993,148.70032279778442
Nigeria,2019,83718.65647750002,0.4159901850266251,300.32514183901003,1003.5384140230536,177.93086764737166,603.9261741833893,1287.007066645155,6.077324692555563,146.78950585908976
Nigeria,2020,72277.31480517157,0.4112009198038439,300.4492829075177,758.2503475376811,178.98641671944895,605.0818174793527,1317.6016077038498,6.042743073511495,155.33424210923317
Nigeria,2021,81885.29713845882,0.4137763270027695,300.6881923031397,640.8763164612681,180.7953161567756,599.6250520913123,1309.5082752946223,6.055716815013648,155.2912802583163
Nigeria,2022,72353.01141767426,0.3997243751471946,300.07351029677386,652.373283084612,180.42304102088892,603.6612167254622,1345.570229584415,6.034795551247117,160.3861649385202
Ghana,2017,3949.13926371397,0.4606616916394986,300.6735848575088,855.1509899060911,223.6589335778027,518.3059364425554,3057.36564329635,6.152786669381927,314.3604584768749
Ghana,2018,3682.0585183901967,0.46530748551499,300.30885889644003,1100.1297069690677,222.29422902199656,525.7406646891666,3198.5996228287413,6.150691658054323,333.0999424818067
Ghana,2019,5139.154723318138,0.4701798094530148,300.5759790054857,1104.693185986888,227.57069996387776,514.8822336057527,3281.168812053912,6.143677910284579,337.4570858918961
Ghana,2020,5760.797587162253,0.4689776996246472,300.6878531541766,826.8255530161712,225.7750766154149,514.5055346782293,3011.756492111962,6.136113986980284,321.8765588445237
Ghana,2021,6344.293324370341,0.4815180133628637,300.8352332022226,809.8620815766076,228.2491629529423,510.5045050026234,3068.6407830214303,6.144044141512499,323.87447824075207
Ghana,2022,8227.997884677206,0.4845857601668146,300.3339259971081,746.6345135022458,227.6873361330448,506.0616058771075,2704.801605229261,6.133522164972559,303.8171818415124
Côte d'Ivoire,2017,3003.356137132108,0.4947508387800265,299.6340080304235,942.626208984238,250.7350133389982,490.9185936642691,1854.916254289397,6.027504141149668,224.83781490445492
Côte d'Ivoire,2018,3677.5265551504895,0.5032143232087254,299.32552415962056,1144.4272111955138,253.59855929716832,497.82429633913495,1883.2975255461104,6.024885930184595,238.1388947762124
Côte d'Ivoire,2019,4247.664491101226,0.5079401476547215,299.5841205902046,1097.7547838232124,249.30676302663616,499.8815849353541,1886.7499324622013,6.005694932217433,235.2327653451818
Côte d'Ivoire,2020,4060.3547458193625,0.5019476418981476,299.75075533983,916.6100086383644,252.5220151439292,493.0589480439896,1881.352601860032,6.013555595076772,234.62418906260424
Côte d'Ivoire,2021,5032.607321144118,0.503558284614346,299.7986875450192,956.1955075049576,254.5827520638017,485.4036043839056,1844.263168947131,6.006832929752283,222.88851937231595
Côte d'Ivoire,2022,5075.058261957109,0.4935360862515347,299.4538294366555,856.2032546620082,250.57691872254856,499.14289807143865,1899.080462620598,5.999452877284782,244.04254559673552
Sudan,2017,60864.057745801474,0.276323593749478,300.7419080646493,186.74687955362413,372.369728494717,345.9399501236434,916.9985754386156,7.487268933707962,81.86410664508598
Sudan,2018,63428.35606267377,0.2871744322666845,300.6691078467557,242.82646861405215,370.945386854188,346.7449764364834,924.1043996277162,7.467699013433849,83.21402682035394
Sudan,2019,72840.89702015786,0.3003573386894645,300.53266193379204,342.2713933648328,382.9376870291569,328.1719567923379,903.7010680309572,7.4903401083850385,81.80244784320632
Sudan,2020,76091.86418937184,0.2911353817405636,300.270978955446,250.92660940977007,381.555916381334,330.6701769271067,897.2326646182541,7.493744115110845,81.2130868988647
Sudan,2021,91615.13332208408,0.2790988917748006,300.87670779536194,168.57292594041212,375.4074512744203,337.9985963579732,895.2756650447844,7.489227943725034,80.05570185497362
Sudan,2022,93579.69533569262,0.2830597607637765,300.2497379189466,178.07857871581717,384.6600181008352,322.62504606116494,902.34849955456,7.49085352614123,81.6995501740847
Morocco,2017,57185.62513342894,0.3550937031641079,293.19988275328075,232.46507851914308,315.76353628885,355.99819744939805,2341.731248366957,7.437682099176039,261.31990489686393
Morocco,2018,64644.75787087916,0.3877770483965855,291.394716191134,534.7256224809933,312.2971320570509,359.46934090243764,2296.737240726621,7.449727866011889,254.6260296895668
Morocco,2019,58973.51711038383,0.3428099810388502,292.4278188345013,253.54270498885512,314.7090653141821,355.7957694142181,2318.2813620703755,7.449802395143161,258.2945470122957
Morocco,2020,55937.48318505245,0.3372475701950174,293.19625447399693,269.7381197042229,314.93467406180366,354.7743584299866,2338.624646670371,7.441070683815825,263.16844855636447
Morocco,2021,59958.17057852182,0.3552581673495789,292.63447722793035,314.01079404342454,315.0615425591208,356.0699385916891,2316.4347406495444,7.446651585435032,256.8709588187769
Morocco,2022,52605.40853066889,0.3102173848871439,293.3008390904899,204.69335091054987,314.99014296124494,356.56850212972904,2333.1837497900806,7.435623210564081,260.19235596777105
Egypt,2017,37786.24251831592,0.4702788497679299,295.5027014751878,16.597103192671852,285.76643704618084,444.5902609177812,2684.770497314373,7.662679305944406,303.86281528012915
Egypt,2018,38792.58997859731,0.4648002473413699,296.64751767877186,33.00863816993815,284.9943774920025,445.945586237146,2649.114531060457,7.672774596727531,297.92543035035254
Egypt,2019,39517.13325118309,0.465061679551912,295.92830974416137,48.01065736791773,284.482522213081,446.9508019591968,2610.048229288925,7.682882577675143,291.958282446961
Egypt,2020,39988.70718942525,0.4644933288890599,295.81465964872785,60.64287753624967,284.07519186589474,447.7806021416922,2587.2462189530875,7.688874535237017,288.6538322262669
Egypt,2021,40779.03405514952,0.4524081280250455,296.20538228444343,36.98343541502945,282.8760229749432,450.4502157001728,2555.9348982380543,7.69767188228928,283.8405556911308
Egypt,2022,41956.21405507527,0.4489644142244101,295.4726094871117,25.04952974363412,281.599231090614,452.87011436758695,2512.5997477328465,7.70880027638958,276.60924577232225
Lesotho,2017,2856.262980243137,0.3459533353251613,284.83429758315,657.4816441357773,259.7297490629203,495.46455719831215,2083.074688423539,6.247438376191701,232.5398209429574
Lesotho,2018,3271.215859288969,0.3508363389263139,284.7732207412863,692.2833263792593,258.55259476743305,496.5625308523997,2089.298902152895,6.250767601843697,233.3107237536657
Lesotho,2019,3296.3208620389696,0.3362158956610327,286.1384285133286,577.3166884129345,259.4782274833773,495.4432430464967,2076.379134265515,6.2497438631056,231.93721991525825
Lesotho,2020,3645.187699953186,0.3675410503907849,284.6228489184967,989.5213106478026,259.40431705017227,495.3362108689995,2100.2347380030983,6.263042457962308,234.95922418283212
Lesotho,2021,2754.9214524460795,0.3693886545246101,284.15932641611545,998.2306072704348,261.4951991578816,493.83224398704994,2030.1336024854425,6.279553768153204,225.4663334071387
Lesotho,2022,3097.400508071813,0.4025030361730224,284.329655791092,758.463878436408,260.6085351450822,493.883118974674,2064.2020214883,6.291957867349814,229.66407219048463
eSwatini,2017,2277.0501103375004,0.5559772067300052,292.1149924852813,736.1300751095724,332.42357604073703,469.1389906731764,1820.3857192853516,6.084076329466115,229.42292396374347
eSwatini,2018,2632.140727394854,0.5823953677535758,292.1895579215033,633.5141352189812,333.1731722067046,470.5342566230474,1823.1482472763869,6.035671495675452,230.53458549203785
eSwatini,2019,1961.708997404657,0.5759328179950378,292.7609770363452,596.7501029342343,334.56867714140907,468.26730547429656,1803.083646950364,6.107160046453897,227.2051654405146
eSwatini,2020,2532.661799775246,0.5715536165569252,292.044352820313,706.9632741746483,332.1411965389753,472.2765269340912,1804.8568398465547,6.056344620514524,227.4621193196712
eSwatini,2021,2000.0914702068635,0.5858004832226146,291.8132007669142,812.5819277403265,332.4531901172318,471.27046489380587,1793.9190658870698,6.120775946553093,225.1262515478848
eSwatini,2022,2153.2506215424023,0.6204786746206669,292.0626790349591,635.18634979375,335.2977530384668,466.4982064412153,1814.731322666051,6.081386350386376,229.50090284574787
Eq. Guinea,2017,9.9289999375,0.3625573913043478,296.79061903996296,2097.079693522076,402.2857142857143,437.1428571428572,4294.857142857143,4.757142857142857,533.6666666666666
Eq. Guinea,2018,4.9644963125,0.4180234782608696,296.63894204934184,2292.802531897339,345.1111111111111,475.22222222222223,4024.777777777778,4.9,552.336592178771
Eq. Guinea,2019,4.964369875,0.4387495652173913,296.85052184664653,2309.053922729097,380.7,456.4,4210.2,4.8,576.2222222222222
Eq. Guinea,2020,4.9640523125,0.4241026086956522,296.90790550355746,2331.803724545789,322.3,484.3,3888.5,5.0200000000000005,601.9
Eq. Guinea,2021,9.9293630625,0.4064260869565217,296.83243475693143,2019.154517540312,385.125,449.125,4253.625,4.8875,526.3333333333334
Eq. Guinea,2022,7.9434838125,0.3969358695652174,296.64837368106254,1359.2662969760568,396.1428571428572,443.0,4387.714285714285,4.857142857142857,508.0
