country,year,cropland_area,ndvi_mean,temperature_mean,average_annual_precipitation_mm,clay_mean_value,sand_mean_value,nitrogen_mean_value,phh2o_mean_value,soc_mean_value,wheat_yield_tonnes_per_hectare,rice_yield_tonnes_per_hectare,bananas_yield_tonnes_per_hectare,maize_yield_tonnes_per_hectare,soybean_yield_tonnes_per_hectare,potatoes_yield_tonnes_per_hectare,beans_yield_tonnes_per_hectare,peas_yield_tonnes_per_hectare,cassava_yield_tonnes_per_hectare,cocoa_beans_yield_tonnes_per_hectare,barley_yield_tonnes_per_hectare
Dem. Rep. Congo,2017,6802.801351536766,0.5854981021366974,297.78722833955504,1595.7319265486726,335.81940257795685,430.2352017039355,2774.424658313359,5.4087472537678165,408.5382510140655,1.2587999,0.8416,3.7635,0.7719,0.4922,4.5702,0.543,0.4046,8.142,0.4861,0.6805
Dem. Rep. Congo,2018,8236.848528205883,0.5883659478128828,297.5953885189716,1622.1584681447075,317.7369611615108,462.2902740510431,2668.4070753533883,5.401797208853304,395.4892833373488,1.2257999,0.9009,3.7584999,0.77019995,0.5428,4.562,0.54289997,0.4048,8.1447,0.4516,0.68259996
Dem. Rep. Congo,2019,6202.6921276004905,0.5898562178228604,297.8402544656728,1787.4839495641052,334.9715706025019,431.9519360110351,2814.075161550837,5.416111914762519,415.0288773413807,1.1952,0.96919996,3.7568,0.7704,0.5218,4.5737,0.5437,0.40579998,8.1497,0.4797,0.6806
Dem. Rep. Congo,2020,5960.192934112009,0.6034355034408577,297.9325222833807,1825.3788686612263,332.4879863704215,435.0468313004431,2825.2626493939447,5.438037934871701,417.66000266936845,1.125,1.1184,3.7552,0.77059996,0.5136,4.5909,0.54469997,0.40469998,8.1453,0.50769997,0.68119997
Dem. Rep. Congo,2021,6982.951825908088,0.5948649265826362,297.97565239716863,1462.586482458494,320.11729907671395,456.52723912875183,2645.72426798523,5.435061479479351,388.6274463754501,1.125,1.1129999,3.7563,0.7697,0.53749996,4.5889,0.5449,0.405,8.1481,0.5207,0.68149996
Dem. Rep. Congo,2022,7649.869777321814,0.5990945354283526,297.7313609163554,1267.5306049334388,327.2922206721288,443.57433769195154,2768.666373474637,5.425918736347452,409.3491579102551,1.125,0.8961,3.7573998,0.7687,0.5295,4.5868,0.5451,0.40539998,8.151,0.5337,0.6811
Chad,2017,19365.40625606618,0.373309217520306,300.4326857227712,563.6922233673004,262.81270557172854,474.6414469922379,1722.6214906094567,6.608990945514589,125.08644442139074,1.9684,1.3797,,1.1814,,9.561,0.72609997,,8.256599,,
Chad,2018,16812.006237257843,0.374065494475618,300.62904820648725,608.388145334279,256.3796391281497,483.4655433132386,1795.8539858082445,6.595837880558948,129.72273888687948,2.244,1.3966999,,1.2809,,9.62,0.6838,,8.1093,,
Chad,2019,15695.941135115934,0.3821595056872015,300.46818021165234,685.2233065404978,264.29986450850464,470.5350840172729,1717.6403380763727,6.6460405872301775,125.28011716045046,1.8712,1.5108,,1.2624999,,9.6262,0.6781,,8.1627,,
Chad,2020,18519.7578149147,0.3879499733589112,300.380550663458,518.8567081224838,245.8754825843618,494.8622125425328,1802.1783707302384,6.610120004437266,130.69285332243436,1.8096,1.4698,,1.2028999,,9.4121,0.68,,8.8393,,
Chad,2021,18695.521432211022,0.3631857482922981,300.72984721004565,430.8165425898085,258.7756006843801,477.00700069118153,1711.0615303924842,6.6878768040246666,123.93344079580775,1.9224999,1.3181,,1.1236,,9.496699,0.672,,8.814099,,
Chad,2022,21071.704053178928,0.3793289005842453,299.95363881177894,518.9035464979806,246.76762699906345,493.4705131801522,1808.5935592458848,6.627849425046901,132.5689517135079,1.8652999,1.3097,,1.1209999,,9.679999,0.6928,,8.347,,
Central African Rep.,2017,354.89532974779416,0.5257928826663111,299.8997144631328,861.9863613029464,220.0807641647837,546.9719435014938,1856.1166700577196,6.096242356745875,208.2877928992725,,1.3999,6.1331997,0.79999995,,1.064,,,6.9388,0.0506,
Central African Rep.,2018,493.4038064531862,0.5052044546244615,299.6729874086549,844.4976588107208,220.29017505900865,545.2048337922896,1782.142964857068,6.093886047731445,204.11813252723,,1.4001,6.1319,0.79999995,,1.0076,,,6.9388,0.052899998,
Central African Rep.,2019,567.2927967433823,0.5214068097757303,299.93157587773084,963.4644720876286,219.6495272466765,545.1944675358029,1799.8564370822437,6.135468326541095,208.5799690906929,,1.4,6.1362,0.79999995,,1.0437,,,6.9388,0.0513,
Central African Rep.,2020,706.055273344853,0.5246899780443078,300.0440348134909,832.9470691328106,206.83691616681355,560.7553287659549,1849.5399493987547,6.124173749893396,206.24746208326331,,0.9,6.1355,0.701,,1.0378,,,2.6529999,0.051599998,
Central African Rep.,2021,657.0630259392159,0.5301331034771832,300.1626011115537,720.9354336789703,209.67791713298612,558.0946790910418,1879.076559534816,6.110062162425187,215.1172387291907,,1.1,6.1369996,0.79999995,,1.0294,,,5.1018,0.051999997,
Central African Rep.,2022,1107.0652459607843,0.5259629030837367,299.8785562084797,743.5345948232296,205.86317294715715,561.4005132544105,1782.7453167283174,6.144707675740687,205.91534448641843,,1.4,6.1384997,0.79999995,,1.0368999,,,6.9607997,0.0517,
Tanzania,2017,45752.3468137652,0.4411698470484068,296.0956263678072,867.2797360418568,300.57257380902973,535.6431705381792,1455.2142212077083,6.415637824927378,198.3745674817687,1.1839,2.2343,5.7479,1.7499,1.02,3.5537999,1.2756,0.573,3.3481998,0.7163,2.0121999
Tanzania,2018,44751.75111750662,0.464898133566728,295.53579954160904,1013.1997002926396,301.73070983100746,532.064184525291,1448.2582479755815,6.443041227565123,196.08683646185003,1.0900999,3.306,12.062799,1.7688999,1.1291,11.1846,1.2234,0.5819,8.5126,0.7208,1.6446999
Tanzania,2019,49955.32699360539,0.4629301158750275,296.0506394517471,1074.4516481322987,301.839957759515,533.3610063365414,1446.4847751420978,6.43661914677156,195.8954030185295,1.5029,3.3012998,11.252999,1.6485,1.1997,10.4914,1.3400999,0.59139997,8.2598,0.72499996,1.9246999
Tanzania,2020,54813.68668851052,0.4959335195663002,295.5992526597996,1211.342627238195,295.4691274595079,542.4333893608015,1419.6385727818954,6.450361736391476,192.581328695301,1.2879,3.3047,10.4627,1.5978999,1.1741999,8.238999,1.3421,0.5926,6.934,0.7186,1.8953999
Tanzania,2021,57483.04374823874,0.4666726415898111,295.7004857377376,760.1586806805375,299.10472740985574,538.865635448351,1435.79117625924,6.416467943620636,193.22647218383565,1.0,2.9938998,10.236,1.5998,1.1509,8.253099,1.3012999,0.5986,6.2091,0.71989995,1.8685
Tanzania,2022,64773.43962118607,0.4571688670869773,295.6653418454498,736.7764560421414,299.1964930998621,537.7027600250921,1479.2417216898507,6.317832430000647,199.5194328452877,1.25,2.8622,10.4282,1.4749999,1.1659,8.429999,1.3429999,0.60469997,6.396,0.7212,1.8826
Somalia,2017,6872.067320941176,0.3179369670361237,300.5096372869672,350.1260027045345,358.8426647855811,288.4364029674652,1427.6588632189662,7.778778456890909,208.8781534192206,0.3964,1.7274,17.062899,0.77,,,0.30679998,,9.5118,,
Somalia,2018,8605.35031679951,0.3697844188698084,300.0548143809734,410.24929260566,353.78362260360905,294.02048793387706,1420.9156116290137,7.788822630959534,210.01190884892816,0.3971,1.7644,17.06,1.0968,,,0.30539998,,9.4871,,
Somalia,2019,8651.026118136275,0.3588395022237372,300.5940924512917,403.4789844013871,351.04842112511625,296.77295533176914,1421.281427658251,7.783973863836623,209.8363861175493,0.398,1.7721,17.0602,0.57,,,0.3064,,9.507199,,
Somalia,2020,11560.514129779658,0.381312245547004,300.7158982247676,403.96574094590864,342.9611835688709,310.72816535506183,1409.2311739919303,7.793327895330071,207.701537688992,0.3987,1.7552999,17.060999,0.75,,,0.3062,,9.5407,,
Somalia,2021,10233.126927595344,0.3398031913755206,300.418631135224,227.81431667300515,349.22753791231287,299.7518850383869,1422.2194568893951,7.798406283994917,209.0506018657436,0.3997,1.7637999,17.0604,0.75,,,0.306,,9.5392,,
Somalia,2022,8776.607896467403,0.326967877753611,300.4021436733231,200.11626120757683,351.2885590482123,300.905870713971,1424.5225581653303,7.76719627590995,210.2630906722856,0.4006,1.7636,17.0606,0.75,,,0.3062,,9.5377,,
Kenya,2017,51475.15746917813,0.5568446877706209,298.63996320283525,1152.2319402826402,389.8488328307957,341.4893825915436,3141.0952179622213,6.066163824656714,406.876672260044,1.2580999,2.6717,18.487099,1.5272,1.0473,9.1858,0.821,,11.5413,,3.6667
Kenya,2018,53996.27234404259,0.5660273091840139,297.8393706947074,1457.5306444627445,383.1141705860288,352.92629063055466,2997.096933351578,6.165995501103589,387.71153259542297,2.5279999,4.3367,19.439299,1.7656,1.0034,8.6067,0.71099997,,15.358999,,3.9134
Kenya,2019,52224.42291088746,0.5733229753839443,298.5656485984826,1586.0516838194997,385.2115249891691,348.4218176830162,3082.6774003474616,6.11592373762347,399.1982666482365,2.6287,6.4255,22.3083,1.56,0.99939996,9.2919,0.62839997,,14.176499,,3.5721
Kenya,2020,50876.18499656906,0.6248893643621737,298.10446237975566,1736.038919628254,383.00804130546777,351.37748094962825,3048.895709977475,6.171148935248474,394.86719725375633,3.0605998,6.3973,25.7428,1.7741,0.99939996,10.5518,0.67469996,,14.3589,,3.1629
Kenya,2021,50880.98526981196,0.575890345993482,298.48229153348166,1109.284745996639,385.5650445438581,348.3761756129522,3081.395388776417,6.121667354376909,397.9834000871225,1.8296,7.2804,27.695799,1.5231,1.0029,9.8221,0.5683,,11.632,,2.4864
Kenya,2022,52897.93297504945,0.5545517133397027,298.37507514457525,855.8799759665393,383.96932601768094,351.1602706996578,3061.819448993019,6.1188220938630575,395.6781397886072,2.1992,6.4933,26.4902,1.4316,0.9966,8.3615,0.4917,,11.7837,,2.6624
Zimbabwe,2017,18762.44970812377,0.4728964226257151,293.9638845094894,863.3822636014871,245.1880960473733,569.7999910853651,1061.6515708663817,6.325228036146092,143.24709882429443,1.7542,0.37449998,7.3817,1.3932999,1.5512999,7.0743,0.5812,,4.7365,,5.4607
Zimbabwe,2018,20935.19995598162,0.4438265166039908,294.71703548111657,617.146609836095,240.58199106251575,576.1589823582644,1079.7193564638162,6.313209993562774,148.31042392979265,2.7178,0.4025,7.5288,1.3506,1.8679999,7.1275,0.7941,,4.7627997,,5.4602
Zimbabwe,2019,27819.73590369804,0.4115001515234351,295.4604517411277,529.1104499465617,237.11832067646685,580.7733661369327,1081.7502566077376,6.307585177805924,147.81923030935587,3.9148998,0.4484,7.8735,0.78069997,0.6954,7.0782,0.2721,,4.8026,,5.4715
Zimbabwe,2020,21227.285003716424,0.4163708023632439,294.6660825598791,678.061490612571,240.57230589324232,578.6141130614961,1095.701647507892,6.322928157276445,152.66561053238868,4.7795997,0.6114,8.0866995,1.1801,1.8147,6.4695,0.6728,,4.8301,,5.4709
Zimbabwe,2021,18875.905943642407,0.4504820291517486,294.26873378948653,663.9882562538936,244.1238587186694,571.8872909540372,1079.393594263409,6.334985301569519,148.57276944916265,5.0759,0.839,8.29,1.5344,1.5702,5.759,0.6544,,4.8582,,5.4767
Zimbabwe,2022,21797.3889596652,0.4752725106445495,294.1849904627832,560.2890411213027,241.43918230789723,576.0442391491346,1089.8137713603787,6.304914801659978,148.98414913152348,5.1679997,0.8973,8.4934,1.5,1.3465999,5.0523,0.5262,,4.8868,,5.4825
Malawi,2017,12926.91476640246,0.4856038047365401,294.8253572823476,1038.8443472516549,209.50573639596092,679.4557582270734,1286.8208470833158,6.0113699987456215,162.76256365672612,1.2272999,1.8662,29.3846,2.0077999,1.1050999,18.416399,0.5979,0.8466,21.413399,,
Malawi,2018,12193.555083875495,0.4778222958913204,294.7487431163895,959.5829053075404,206.19544492083725,684.8365424634659,1283.8962488616776,6.012135676875132,162.87723102253176,1.2314,1.7557,29.3477,1.6007999,0.9813,16.5247,0.5413,0.71999997,22.7242,,
Malawi,2019,13130.54055639755,0.4738089143836942,294.9260160468016,1147.4476489624717,204.46417025973983,686.6389832369414,1283.4827891546076,6.027183426263611,162.9342759312514,0.7905,1.8807,31.6602,1.9577999,0.9474,15.830999,0.598,0.8283,23.5427,,
Malawi,2020,14592.302316576232,0.4529093831091346,295.0026661495241,904.3182704871036,204.65314375590305,686.1386486657047,1287.0400242195055,6.020888549015873,163.07073718535815,1.265,1.9988999,31.212,2.0955,1.0,18.032099,0.6461,0.8562,24.2311,,
Malawi,2021,15231.884212676476,0.4650482429524651,294.78927333243416,904.5069503729636,206.88281368490107,685.8419998052925,1275.3439143489602,6.019989726588923,161.66575927856996,1.0,2.0395,31.4662,2.4629,1.2207999,18.5654,0.6475,0.8879,24.979599,,
Malawi,2022,17849.55365301911,0.4561905220845504,294.38762631638593,1023.9535654976044,206.77940264075744,686.0732008061026,1272.5785141333472,6.021337601372629,160.62593248838672,1.0,1.9396,31.725899,2.1239998,1.0232999,18.574,0.6362,0.89879996,25.417398,,
Mozambique,2017,10687.907061667647,0.5386040434807082,296.77616335326815,810.912231786232,247.7923117250452,558.6012953027853,1492.3081138733892,6.220103184762221,204.39521982583665,1.1032,1.2369,8.5827,0.74,1.3158,7.7434998,0.4563,,5.1559997,,
Mozambique,2018,9227.260165470832,0.5139803532174873,296.9867907396816,683.4743419584793,249.9454693408074,553.1194753751922,1504.7944080913337,6.2181496906877936,207.7992594908125,1.1327,1.18,8.1011,0.87189996,1.3414999,8.4886,0.41189998,,8.3611,,
Mozambique,2019,10737.00122151642,0.5044155091747105,297.24016363554307,801.1457810420447,250.7481610545334,553.9016348428291,1504.4341216234852,6.247405001755228,206.31897648208584,1.125,1.263,7.8183,0.8831,1.4103,8.6161995,0.42499998,,7.7997,,
Mozambique,2020,13136.320173561511,0.4978674479018151,297.24960079822534,736.6667363260211,245.28858783643872,564.0468822452063,1476.9024579319298,6.205854290534513,199.2424815750664,1.1538,1.2013,8.1888,0.71389997,1.6667,7.7451,0.369,,10.8380995,,
Mozambique,2021,12155.873463633086,0.5180975186679909,296.9295837061374,748.4239894899953,243.91395938194665,569.8489030070173,1464.292981713722,6.182295213634276,198.0864663325401,1.1538,1.2207,6.8999996,1.1,2.0909,10.0007,0.45799997,,6.7,,
Mozambique,2022,14481.376589672793,0.5299786854265984,296.8184204663376,767.5805902609113,247.1941932402817,566.9033785040069,1504.0434187039011,6.15987672791513,201.53158456979088,1.0,1.2586,6.9986,1.074,1.25,12.2484,0.83,,7.1,,
Burundi,2017,1085.8589997654417,0.5602790173117954,293.7992120298671,1306.3425719082888,353.0592096935258,412.7010260341213,2448.110641499881,5.702808056372101,310.63166270552745,0.39819998,1.7838,7.8378997,1.2976999,0.4825,10.2512,0.6464,5.6681,7.3968997,,
Burundi,2018,2255.3575956477944,0.5839907725457025,293.3086407817822,1616.5624512268917,363.3862698885405,405.8799613620886,2512.4196991908907,5.565537338318942,315.3154749411036,1.4092,1.7925999,6.6022997,1.5288999,0.5209,11.1697,0.6563,3.888,8.0695,,
Burundi,2019,1701.7364359955886,0.5689054015786664,293.7442473397355,1480.3361691099055,359.2003895720248,408.1945275285256,2467.5001984786386,5.6457059377423295,313.816619676846,0.64019996,4.0885997,7.8584,1.0002,0.55399996,7.0115,0.6343,4.2332997,8.1384,,
Burundi,2020,1670.2172056987752,0.5883128800017186,293.87132396038226,1302.934222374511,352.5337214396051,412.93333179627865,2417.402282525994,5.718199801719962,309.78998200167126,0.7161,2.6334999,7.9695997,1.1607,0.53749996,6.5383,0.6186,4.8061,8.1911,,
Burundi,2021,2558.103624941422,0.5859125918058604,293.5583075974672,1267.1445997010017,362.5888146431825,407.31629384181787,2495.029533046811,5.600247598902001,313.62676774570525,0.7234,2.3553998,8.077499,1.5555999,0.5187,9.8445,0.59779996,5.2583,8.1975,,
Burundi,2022,3750.308980636029,0.5704628413766825,293.4875821692316,1047.851830828835,364.0481500321962,406.7329267950154,2506.316877269744,5.574334511961565,313.5498687745337,0.73429996,2.3416998,8.1855,1.5555999,0.50769997,10.3797,0.5811,5.5021,8.408299,,
Madagascar,2017,19987.32227171716,0.4648920077404003,295.81089731272243,1097.3747691883757,285.30523201246234,505.0271776847434,1862.693581345536,6.057526531009639,294.3600322053223,2.3994,2.8857,5.5568,1.7406,0.61869997,5.9739,1.1195999,1.2379,7.6724997,0.89669997,
Madagascar,2018,21323.97536574363,0.4362783887598987,295.58564221214874,1073.1908443420548,284.3149336320987,507.2564413969339,1850.195756664612,6.075456659075099,288.2820079846909,2.4025,2.723,5.5361,1.7515999,0.606,5.9838,1.1302999,1.183,7.6836996,0.90129995,
Madagascar,2019,21418.3371865598,0.4723183716770775,295.9691249751043,1106.642614253642,283.1502615364562,510.2136675590808,1809.998098798756,6.112443577253395,282.8879825112686,2.4033,2.4431999,5.5832,1.7363,0.5958,6.0048,1.1396999,1.2261,7.7475,0.90099996,
Madagascar,2020,23434.28041796936,0.449296940096017,295.76861834611725,987.4483113090936,284.7522849414297,504.4776693246467,1909.260204400524,6.027708998817128,302.8416389461377,2.4004998,2.5247998,5.5586,1.7689999,0.5995,6.0130997,1.2082,1.2150999,7.7507,0.8951,
Madagascar,2021,22628.234126973777,0.4429136043818759,295.66122988133026,857.6661477867297,284.6927377206085,505.2924443991562,1879.7967155483764,6.048963938929663,295.4350290996329,2.4032,2.7445998,5.5590997,1.8356999,0.6001,6.0245,1.1872,1.2077999,7.7738,0.8961,
Madagascar,2022,31078.542546151468,0.4270715429540039,295.2804413612527,887.484081487965,278.7850185397073,515.8927372788563,1816.5124649946515,6.117525450327202,279.6094595467476,2.406,2.8688,5.5669,1.8205999,0.60069996,6.0358,1.1808,1.2163,7.7967997,0.89699996,
Eritrea,2017,1115.8717309419117,0.2341081658085699,300.3555586338851,301.5917338218009,395.1630537622441,283.5431078862423,1304.183096337934,7.60427391752004,120.90669804817242,1.0,,,1.0,,0.7815,0.0614,0.4353,,,1.4444
Eritrea,2018,1020.2111292009804,0.2600641122210837,300.0213782265143,406.57960415700495,383.72407145907806,300.9800651796674,1368.0901510983197,7.596016114075962,129.47073233974868,1.0,,,1.0,,0.6547,0.062299997,0.4358,,,1.4444
Eritrea,2019,1643.2416310818626,0.2695438614455617,300.02168494014865,445.2358516394125,396.1266085781247,277.13943646445915,1275.5566746706156,7.624533542298714,118.57017194675568,1.0,,,1.0,,0.616,0.0659,0.4342,,,1.4444
Eritrea,2020,1464.296270802206,0.265637560999868,299.92515497343453,307.31919477177246,384.6483997004969,294.6264815192976,1324.3729766523725,7.622940848138318,126.985710043897,1.0,,,1.0,,0.68399996,0.0632,0.4351,,,1.4444
Eritrea,2021,1920.3437781879904,0.2473258150230037,300.4313981791903,211.78266276250645,396.92859740942055,280.2845030007882,1278.0534605047787,7.6269971911815215,119.94212646213838,1.0,,,1.0,,0.6516,0.0638,0.435,,,1.4444
Eritrea,2022,1581.428257840931,0.2648180763642181,300.16928477463057,240.03299789112344,398.33348511153264,282.03029070800886,1251.2741284725353,7.616000262973996,117.3564840822826,1.0,,,1.0,,0.6505,0.0643,0.4348,,,1.4444
Ethiopia,2017,179170.47675227572,0.4615890485013245,296.6740497276606,1545.29531287018,384.8712222580681,273.7112868666455,3374.3808227284585,6.384932745064107,408.2754055868272,2.7361,2.8437,8.3241,3.3119,2.2711,13.9198,1.1989,1.5625,,,1.9327999
Ethiopia,2018,181156.1770453213,0.4704640662024982,296.2369461190014,1572.5123103373576,384.8596538849254,274.36365187918057,3372.238496946737,6.3826970444795545,407.6028617413575,2.7679,2.7122998,7.5895996,4.1904,2.3092,14.0033,1.6959,1.6851,,,2.1856
Ethiopia,2019,185098.01713859805,0.4809133396239258,296.60477856473324,1668.0629248590703,384.81596855529705,275.17926865770147,3365.782117888218,6.394586486883108,406.8457796851805,2.9705,2.9636,8.0051,4.2367997,2.3032,13.1396,1.7274,1.7463,,,2.5012
Ethiopia,2020,181078.63264993925,0.4849736638890244,296.48368105025685,1543.993170666579,384.4803960659624,274.6943868269374,3338.044982086506,6.410008621603353,403.5616152587809,2.9954,3.0319,9.3623,4.2404,2.4903,13.2794,1.7734,1.7106999,,,2.5209
Ethiopia,2021,192048.0203393809,0.4587814396690259,296.6615682627807,1329.076153917133,383.6881596460783,277.3019318541569,3353.405684404195,6.41179962022444,406.918709183948,3.1107,3.3332999,15.5363,4.1944,2.4429998,16.6873,1.726,1.7304,,,2.5925999
Ethiopia,2022,193585.7428373796,0.4534949612934209,296.7526589528545,1049.9479652373343,383.5357128747745,277.5406528329155,3364.7633234144,6.405971374548159,407.7930570442908,3.0435,3.4666998,10.1233,4.0,2.6389,17.3205,1.6295999,1.7806,,,2.4742
Uganda,2017,30195.122839478918,0.5918495025816557,296.53530390112707,1204.0128135993843,361.59450614888055,391.5847087879735,2890.3640726148155,6.009186657619587,384.7170079493715,1.5612999,2.6388,,2.6002,0.59779996,7.6166997,1.7212,0.5074,2.2396,0.4721,
Uganda,2018,29951.30971706176,0.6067376363977801,296.002963300866,1412.127576269461,361.19049092117433,390.7327629228603,2913.936688408161,6.004921357161515,389.50725444931214,1.5988,2.6864998,,2.9296,2.2898998,8.2957,1.7300999,0.5024,2.6969,0.4748,
Uganda,2019,30673.290828274992,0.6195754479601077,296.2988972168488,1576.5698817754787,362.9849123309684,389.1615326346312,2923.211527111339,5.985346134822403,390.4797129882369,1.617,2.6945,,3.1267998,2.52,6.1103,1.7034999,0.49519998,2.6969,0.4992,
Uganda,2020,32902.368738609555,0.6582215456566356,295.85109718008965,1589.4159113916864,361.23548002351976,390.4249242619941,2926.640887127204,5.99104759675536,390.26081857595545,1.6667,2.7509,,3.3265998,3.0769,6.3740997,1.7334,0.491,1.4499999,0.50589997,
Uganda,2021,35774.17010335344,0.6210092383135806,296.40099218734,1100.0382266625415,360.48776488994304,389.9573735463255,2983.60154366459,5.973867378538129,395.7696972495573,1.6667,2.7947,,5.6042,5.3174,6.4114,1.7593,0.487,2.6969,0.5166,
Uganda,2022,42220.26770623799,0.6130792667549051,296.18880629120525,972.8774108257228,360.2654627331838,389.8551101232536,3007.421637193322,5.969709166427542,399.4187341454621,1.6667,2.8077,,2.5455,6.797,6.4486,1.7851,0.4829,2.6969,0.5273,
Rwanda,2017,4317.123562507596,0.5402673858422831,292.550633461846,1150.044675801964,366.9886064080271,378.3270633231025,3082.7967175625577,5.722363387448009,432.0046260768844,1.0157,3.4499,7.3114,1.3793,0.44849998,9.0028,0.8296,0.62689996,8.6832,,
Rwanda,2018,6075.707228256618,0.572425113692173,292.0501779035041,1459.781730917603,366.7028938250575,383.1991619118601,3080.193899777995,5.695667216139155,433.5583314326263,1.1022,3.4740999,12.441299,1.4315,0.4163,7.6837997,0.8718,0.5711,12.2372,,
Rwanda,2019,6192.101342351226,0.5558819576072926,292.4857463185864,1334.533306637962,363.7289559232096,383.4643148236245,3107.870924299829,5.674672074435163,439.2799473192233,1.1853,3.9998,11.7683,1.461,0.5252,9.0473995,0.8311,0.6217,14.478399,,
Rwanda,2020,7381.169810942892,0.5747889890824311,292.53026897207235,1442.9162204005731,366.7102207699848,383.82807079096153,3045.7617341185846,5.704749920478003,426.6781550736482,1.0408,3.9380999,11.353399,1.5237,0.4899,8.216,0.6771,0.8084,14.595599,,
Rwanda,2021,6792.034117760295,0.5703299901818754,292.3759761216656,1067.0627970663893,367.14977018740353,385.631880910081,3044.1335234110848,5.707234340076799,425.8308579242848,1.0393,4.1596,11.427199,1.5216,0.4991,8.269899,0.7084,0.8152,14.645599,,
Rwanda,2022,7965.556114047304,0.5844055751277906,292.164032362069,1017.3801197822836,367.7364693491271,388.4496253965012,3011.2993158346435,5.712323229445198,421.81709446651945,1.1587,4.1879,11.5151,1.5286,0.5219,7.5828996,0.7087,0.7608,14.642799,,
S. Sudan,2017,1314.4799526808822,0.4052878155055405,301.97590561730703,558.5847151722841,293.0594954496384,461.2952427764141,1703.846406450718,6.607216047186256,206.1643616353837,,0.88519996,,0.88519996,,,3.1302998,,14.4443,,
S. Sudan,2018,1444.7223128710775,0.4171336651694953,301.6453211373101,537.1168347155499,289.9257146583277,465.67737390175233,1727.8516532897104,6.5770552362915735,193.2836013024054,,0.852,,0.84999996,,,3.0528998,,14.349,,
S. Sudan,2019,2107.2576011676474,0.4519194320477541,301.52994471339406,694.3871678494122,286.13108150156694,470.5402266278459,1725.7053393490844,6.531135769267815,183.55436505746428,,0.88049996,,0.88049996,,,3.1457,,15.207,,
S. Sudan,2020,1559.7405692615196,0.4462669764089585,301.2838442987262,648.4183612689013,287.6978338710434,469.7573919932451,1652.3702876531688,6.618762085446386,192.7584819225269,,0.885,,0.8847,,,3.11,,15.394799,,
S. Sudan,2021,1847.5361465164217,0.4462875671577246,301.8492184121153,508.8950640149231,280.7560518976389,473.373352971361,1640.6043309580198,6.550824775690641,185.5395520889481,,0.8472,,0.8447,,,3.1032,,15.0947,,
S. Sudan,2022,1509.0642007948527,0.4438965685659002,301.5733863890132,446.8427539246277,288.8436982252274,464.0208913189644,1649.1905083283646,6.571666814670101,190.17605932921091,,1.1887,,0.99679995,,,3.1197999,,16.1013,,
Mali,2017,11250.687286118871,0.3112487689867181,302.0040671981749,318.6010747042715,234.15562623194268,529.9157007372497,755.8904199514101,6.545805787213373,77.56862747847057,6.2310996,3.526,24.6682,2.9182,0.4181,21.409199,10.0271,,14.7088995,,
Mali,2018,11410.969691985536,0.3203766356085629,301.9424792741434,391.9812189922917,245.33901127886,505.4138039655862,808.8905096361037,6.552980173443681,84.9143673708868,3.5419,3.2670999,23.751,2.8802,0.4813,22.7118,10.0301,,16.7748,,
Mali,2019,11090.84952968774,0.3173922988293867,301.6929078900595,389.8483682718995,237.6840899395713,523.1994919781564,749.8553783360783,6.619636071881594,78.46657226791338,1.9301,3.4568,23.751,2.6648998,0.61539996,22.531898,10.035,,11.9072,,
Mali,2020,11539.120866348529,0.3338972711022623,302.10714072758043,382.2017587724366,242.83496295703432,513.2464467850313,764.2075026672424,6.6347429646174,79.93681823273805,5.3034,3.3516998,23.8335,3.0054998,0.65569997,23.5591,10.036699,,15.555599,,
Mali,2021,13125.853705769116,0.3286565213267224,302.64874306380955,272.921264859526,238.1454535033621,511.9377475053832,757.4435545923185,6.627191670841557,81.15339882654445,3.0,2.7691,13.2413,2.3453999,0.71379995,22.6794,10.04,,12.4642,,
Mali,2022,11525.798394305875,0.3394935795246226,301.74066754094423,285.54751771649376,256.21784001318275,492.8457181699197,779.1724250061795,6.610613437228594,81.26334328587929,4.6017,3.2256,13.339499,2.6855,0.58779997,24.9005,10.0434,,15.6789,,
Mauritania,2017,3924.430827607843,0.195954399327551,301.0710521439263,69.78222822759028,194.9805996706046,600.9922496401691,746.2918151965682,7.418564727821286,69.15014828136538,2.1288,5.1017,,1.0,,6.0316,1.2227,0.3004,,,2.9768999
Mauritania,2018,3813.464797567892,0.2018980070886689,300.15135970488177,81.92216755557595,200.64830724784747,598.1347729967331,692.8663525708399,7.340833769098147,69.96564988051732,2.1327,5.2096996,,0.70589995,,6.0934997,1.2461,0.29999998,,,3.0342999
Mauritania,2019,4492.192785808577,0.2051845428321583,300.3382103226956,104.39522234345566,204.9616547644837,596.5581436786835,640.4227618771447,7.299654988086172,69.84758920224608,2.1646,3.5,,0.7492,,5.7054996,1.2078999,0.3013,,,2.9471
Mauritania,2020,3945.288843670097,0.2172320869229352,301.37666650504605,144.02402692083675,207.98768343448927,591.2749653765219,658.1052853514209,7.318679491509505,72.1310990286445,2.1352,4.2838,,0.625,,5.7082,1.2257999,0.3006,,,2.9880998
Mauritania,2021,3864.9080323237754,0.229144370349285,301.4408834986988,89.92258896868593,210.9832420000452,587.1185236628788,688.9949939373298,7.319625919915309,76.4297116650921,2.1457999,5.5636,,0.63159996,,5.7174997,1.2235,0.3006,,,2.9943
Mauritania,2022,3796.356883767402,0.2365804618701913,301.04050956905166,128.84358146813136,211.3405538719688,588.6577929639275,673.1145177771972,7.314740127768923,75.74631494867262,2.1564,5.6761,,0.66279995,,5.7246,1.2149,0.3008,,,2.9910998
Benin,2017,4505.32362825662,0.4428342723583185,301.0296899977905,777.1068392621044,192.13773568791927,579.826943797214,1525.3521820407457,6.216582629766916,165.02628046293432,,3.5295,4.8419,1.3215,1.0524,10.1558,0.815,,12.909699,,
Benin,2018,4438.7745668875,0.4571214724794448,300.65463268085574,936.0895604378304,190.94911087718805,586.048224042754,1471.2028470941116,6.201107398853695,169.7545934894588,,3.3976998,4.8346,1.304,1.1108,8.5714,0.87509996,,13.602799,,
Benin,2019,6936.425521544365,0.4622995949994601,300.8400236004787,978.0024241075234,194.639701330879,576.1857657955953,1521.67932746134,6.226503489243256,166.09390607813606,,3.9650998,4.844,1.0752,1.3356999,10.3251,0.92469996,,14.1730995,,
Benin,2020,3313.5610159482835,0.4582694475926279,300.8747574264553,814.2194329902416,194.6917324937785,590.0515921099856,1553.1803716166996,6.188671814388271,182.5066522222872,,3.9352999,4.8401,1.2717999,1.2475,10.761,0.937,,12.0146,,
Benin,2021,4953.005339976717,0.468243967200759,301.2937715845163,751.216843740127,193.78824414480837,594.5814528922224,1563.848459790766,6.201800223946745,191.57465529343176,,4.1,4.8396,1.2063999,1.2504,11.789599,0.9471,,11.654699,,
Benin,2022,4458.897218350492,0.4812090447702241,300.6395880022482,741.8233474861661,194.25019357176976,607.1196321225957,1580.3188900902524,6.161652847130757,208.29796906111187,,3.8936,4.8412,1.1643,1.0892999,13.213799,0.9607,,11.1853,,
Niger,2017,4038.3733961754906,0.2416276105001651,300.25718586589096,226.0386607717493,226.0987258809317,553.3861280780392,815.7921959030983,6.93936531144506,71.40334622932649,2.7536,4.7318,,1.4257,,29.337399,0.51699996,0.4245,23.071299,,
Niger,2018,4022.873179839706,0.2372984897486551,300.8353817712432,221.16353948275972,219.83835780016497,557.0592852336589,785.4239042050095,7.058434754589307,71.30723248972669,2.9615,3.3917,,1.4632,,29.7204,0.5194,0.42549998,23.4592,,
Niger,2019,5718.743502014951,0.2112591366459748,300.62383033886204,197.24517289222905,234.10121256602267,525.3780158046965,719.54879013866,7.346504448034364,67.038632339028,2.8367999,4.5537,,1.5598999,,30.078,0.51739997,0.4269,28.3473,,
Niger,2020,6378.853773294607,0.1890579047128905,300.61851420504865,132.60047075299877,238.47544540119668,503.4827790589522,672.513994898742,7.591067164966248,63.37828600418423,2.8911,4.5779,,0.75689995,,31.121698,0.5179,0.4281,29.7726,,
Niger,2021,9168.695514832354,0.1803148261116135,300.8879020017768,75.37956186460562,249.69359916725216,487.8183903305128,638.5008485557082,7.727486898836733,60.59670852647365,2.8643,4.4323997,,0.5428,,32.8847,0.5182,0.4292,27.2086,,
Niger,2022,6654.522143800736,0.1954009319989256,300.0028346504365,106.48036429942414,236.23601867968932,518.9450217741037,679.0428812422938,7.467374147548073,60.84639874650085,2.8193998,4.4425,,0.67689997,,34.1672,0.5178,0.4303,26.981998,,
Togo,2017,2184.718703437009,0.4492046999515337,300.3175201076656,912.0382418408888,217.8017376718524,545.0734143830988,1807.9142791295703,6.179475555570968,193.9704914439973,,1.665,12.7451,1.2307999,0.6943,,0.5394,,3.9011,0.98539996,
Togo,2018,1553.6509527394608,0.4720394864438693,299.9180534193351,1105.7637191999372,220.71628211182343,549.4361450407703,1850.270773411044,6.168691123554622,215.99676594348853,,1.676,12.8854,1.2396,0.7518,,0.548,,3.9808,1.0196,
Togo,2019,2819.340150410049,0.4589113716537297,300.2330092037203,1079.6202873025418,219.4946657168857,546.0430558243401,1840.9257263011104,6.177847119675961,206.4411850532381,,1.6398,12.2428,1.2271,0.7984,,0.5214,,3.9498,1.0634,
Togo,2020,1539.491016583088,0.4682624515982116,300.2833690947711,900.7462129279004,225.2321804291176,543.6987054331036,1931.183468853813,6.1587499247557504,229.5740332394136,,1.6845,12.153,1.226,0.8515,,0.5272,,3.9380999,1.0734999,
Togo,2021,2325.2311890017163,0.4704173572319892,300.55069355930675,852.0868889614027,222.57056911472355,544.1805128412308,1879.75221819908,6.167615599580651,220.3636686926162,,1.6868999,12.0824995,1.2301999,1.0207,,0.5405,,3.9778,1.1004,
Togo,2022,2634.5778090085773,0.4762713341639274,299.9955779845242,819.8347121164239,224.89056623532065,543.27903358516,1946.258578801705,6.164460542678638,231.9801888969128,,1.6968,12.1591,1.2537999,1.0203999,,0.54899997,,4.0130997,1.1273999,
Guinea,2017,1804.65681642304,0.4849330024883156,299.24280914860003,1318.5446523450046,266.7151864041322,417.65569993381285,2163.4657840209434,5.700833593001913,274.64376092051015,,1.2171,5.4877,1.35,,17.1064,,,8.0,0.46269998,
Guinea,2018,2366.696675879657,0.4726290541558454,299.03750709444046,1508.6662514597283,268.189420086328,419.060350308868,2259.635556436257,5.682839000939095,290.05616270040895,,1.2580999,5.5759,1.3385999,,12.8755,,,7.9912996,0.47599998,
Guinea,2019,2102.0336576786767,0.485600564480991,299.3617243924482,1405.1808112273172,268.8665748650863,424.1730857254953,2141.4655224804887,5.729590623930209,278.0164118329782,,1.35,5.6391997,1.4499999,,11.9998,,,8.3,0.4757,
Guinea,2020,2279.3316238627453,0.4724671423361743,299.4462960538147,1429.4811489427163,267.795969189784,427.974056364742,2152.924121879886,5.718187148896739,280.2090934096061,,1.4699999,5.7584,1.42,,12.3001995,,,9.04,0.44759998,
Guinea,2021,2710.4807204323524,0.4868563370008585,299.6006179985876,1232.9687845685653,269.4093153311972,428.1496328302741,2126.357143282551,5.738643943635129,275.41075320792555,,1.5,5.7785997,1.4499999,,12.4002,,,9.099999,0.43719998,
Guinea,2022,2445.657058120343,0.4833698806537894,299.1040707686767,1154.7772857396117,269.3868440202962,428.2509196093612,2192.8723927786987,5.715440797759043,284.54456028305293,,1.55,5.8388,1.5,,12.5,,,9.15,0.42679998,
Guinea-Bissau,2017,416.210783922304,0.4636634281454575,300.8895660032914,1002.9794876735472,242.73036551629423,500.3196158449254,1858.211834644588,5.330781455394456,300.02481139345275,,1.5557,11.8244,1.0,,,,,9.9829,,
Guinea-Bissau,2018,632.8164204281862,0.4576292947001797,300.43189759281137,1394.9358309380325,255.1095221101126,490.649774519028,1897.7507640398403,5.288801868734387,320.3873396929686,,1.5461,11.9351,1.0,,,,,10.3438,,
Guinea-Bissau,2019,529.0438941855392,0.4552005745363499,300.9503412411391,1076.0981558395652,257.1557756073354,495.2529417514417,1899.882908894052,5.225225001691742,324.58616811920143,,1.541,11.8042,0.778,,,,,11.418099,,
Guinea-Bissau,2020,467.0034905438726,0.4402499028542432,301.140215401303,1513.2603370965314,257.5138410130144,492.5685455504748,1922.0712451635595,5.212298628209637,334.83585692146005,,1.663,11.854799,0.81799996,,,,,11.351299,,
Guinea-Bissau,2021,477.9227692889706,0.4743317793072186,301.0965471000212,1106.4733316017546,254.7512151673241,497.6132756499979,1902.746396912245,5.219966068626204,323.30676195711925,,1.689,11.8649,0.826,,,,,11.2652,,
Guinea-Bissau,2022,435.8369651941177,0.4628659065828763,300.70336480226507,1051.226658022035,251.37261101676629,498.45106630513305,1896.978505014871,5.216380661081035,325.1739284417,,1.7192,11.8413,1.0164,,,,,10.9233,,
Liberia,2017,26.6753345,0.4623884326355341,298.16887970005,3177.259352784375,298.07899975118187,428.3525752674794,3962.538069171436,5.193655138094053,535.6431473956409,,1.0595,10.793099,,0.4245,,,,8.8255,0.1645,
Liberia,2018,27.650609125,0.4932440258254331,298.0080014022008,3011.041448437926,293.4634146341463,436.9512195121951,3950.0,5.209756097560975,513.6,,1.0835999,10.7834,,0.4252,,,,8.865,0.16579999,
Liberia,2019,25.425906629166665,0.4864449620834221,298.3688879651546,3052.4694706737023,299.80442541042106,438.7110397335236,4257.157030692361,5.192588627171068,516.6671876878681,,1.1281999,11.183,,0.4262,,,,8.3716,0.1664,
Liberia,2020,18.510150441666667,0.4584728679335517,298.42092932389335,2406.4276050625267,320.3844184345282,394.1417337234821,4386.415691294807,5.197933430870519,553.1321752265861,,1.1481,10.9193,,0.42729998,,,,8.1233,0.1637,
Liberia,2021,30.357618004166667,0.4972633719704135,298.31232376134227,2900.504633599496,312.09029264810846,403.97692124672847,4270.322626695217,5.195622174637163,550.6790713952404,,1.0519,10.9611,,0.4231,,,,8.2197,0.1642,
Liberia,2022,20.7360021875,0.4414443346508565,298.27603087974063,2178.364665710178,319.9033059430537,398.4756353907892,4305.246703611695,5.20974584368431,566.7670420865442,,1.1206,11.0209,,0.42249998,,,,8.281899,0.1647,
Sierra Leone,2017,130.6718160625,0.5057374064104163,299.040023462564,2259.5669401481623,277.02580031507296,436.28303064530513,3189.667895253099,5.32667419671254,371.8864127723266,,1.1492,,2.133,,,,0.86689997,15.007799,0.4184,
Sierra Leone,2018,208.2903304375,0.4885463120946405,298.8402868146453,2348.595902807218,279.66995073891627,437.3152709359606,3232.8374384236454,5.250738916256157,376.2684113277273,,0.7856,,2.1438,,,,0.8673,12.3688,0.42069998,
Sierra Leone,2019,195.6235299375,0.527796594619146,299.1978361990556,2851.2368439642587,267.3155080213904,476.8770053475936,3183.4010695187167,5.322459893048128,339.8480392156863,,1.5745,,3.2991,,,,0.8663,13.5905,0.59959996,
Sierra Leone,2020,263.2980571875,0.4918030908962815,299.2004418808338,2467.564301270795,266.6942148760331,463.64462809917353,3063.5247933884298,5.35702479338843,343.14885496183206,,1.7369,,1.6251,,,,0.86679995,14.499,0.1358,
Sierra Leone,2021,216.1510964169117,0.5179600140197204,299.2257119184689,2230.0463179562967,271.8528371093533,442.3107574887461,3086.607528574869,5.337644726848336,367.65997544178094,,2.0953,,2.9908,,,,0.86679995,19.572699,0.3642,
Sierra Leone,2022,286.86792131985294,0.4897942236247285,299.07953474865246,2001.5903366801429,275.5756931752172,441.7101202873295,3089.9185616525697,5.292012014564827,360.80332459898233,,2.0289,,1.6667,,,,0.8667,15.007799,0.37919998,
Burkina Faso,2017,1589.7518241884804,0.3842209284733731,301.8729403473704,559.671776714526,214.10722091632647,531.5378584441322,1046.4053848187798,6.3198552760210855,124.31168938595876,,1.9720999,24.5455,1.6034,1.0611,1.9562,,,15.3333,,
Burkina Faso,2018,1608.3557407372548,0.3905832552234725,301.81074917076575,657.8354507393072,213.6305477306812,523.2346483071027,1079.585791554822,6.3297775103237015,128.24643987341773,,2.177,25.4545,1.6681,1.1101999,1.9317,,,15.454499,,
Burkina Faso,2019,1819.3257708536769,0.3980380179209661,301.8564103103032,637.8414759530771,212.57707814500367,521.0605041517254,1064.787203641544,6.354809356084491,126.66764486637938,,2.1241999,25.7143,1.6858,1.1567999,1.9238,,,15.454499,,
Burkina Faso,2020,1540.5221845303922,0.3941084032334798,301.8007076613825,699.2379483713108,215.40863854355945,513.7559191840787,1081.4726677973706,6.348565157017461,129.24541177726437,,2.2377,25.5556,1.7624999,1.1816,1.9373,,,15.457299,,
Burkina Faso,2021,1931.0845308051464,0.3997711797027677,302.2768473202848,486.9362663868401,214.2973796330153,513.3574999949496,1081.972966038864,6.350419489017328,127.90185864683674,,2.0403,25.483099,1.5208,1.0863,1.9386,,,15.608999,,
Burkina Faso,2022,1603.091608091912,0.382270128543928,301.4423187530242,543.3344002399156,215.13989406008247,526.3470604665546,1045.4067414497406,6.360279264405882,124.43842246949912,,2.2117999,25.5122,1.6602,1.151,1.9398999,,,15.660399,,
Gambia,2017,3530.724065352208,0.3751438435421816,301.52317010940595,496.8654100582054,161.3954198658655,671.2858461117314,992.8565504284976,5.839474875159498,124.9451055231253,,0.4556,,0.8857,,,,,4.1830997,,
Gambia,2018,3279.48708382304,0.3725686467061238,300.92683342005967,577.9595542913103,164.00219712464795,665.7684790277158,999.294768045057,5.841970416481396,127.30882265931744,,0.6193,,0.54289997,,,,,4.2672,,
Gambia,2019,3300.024880845345,0.380633879781001,301.0905112138061,514.0519654372396,162.4469298204861,669.2692800862261,1006.4169109585222,5.832153144280083,128.24352330995188,,0.4908,,0.45709997,,,,,4.1633,,
Gambia,2020,3371.834774664708,0.3874905334644655,301.47484896158846,723.3706561374221,164.17726502281533,664.9418703328467,992.4235159843251,5.842365553092372,125.61313481442711,,0.66029996,,0.583,,,,,4.1941,,
Gambia,2021,3819.055673834316,0.389909510469658,301.40717911919114,576.9061223524827,163.70018353261042,665.671897498922,1001.9702669018656,5.838426592560659,127.1298075086396,,1.1281999,,1.0648,,,,,4.2188997,,
Gambia,2022,3347.7872570191203,0.4005420148437112,300.8216083275807,538.1563334536926,156.9635601965402,679.0786834172367,976.4710024225104,5.840468576429796,121.68577281053804,,0.9608,,0.83699995,,,,,4.2247,,
Gabon,2017,342.55559213750007,0.5002348703342366,297.7051798965329,1765.6858690216634,276.7214642298092,514.6983860049921,2567.887443414985,5.10454901214198,411.0495323331118,,2.7775,7.6242,1.5622,0.8631,,,,5.2127,0.0602,
Gabon,2018,244.89106532450984,0.4916818786657044,297.60076712783706,1682.251547788853,284.7998137802608,494.5621508379888,2497.191108007449,5.1100558659217885,414.0095141898276,,2.8134,7.5855,1.5605999,0.86109996,,,,5.2229,0.059699997,
Gabon,2019,298.6205601274509,0.5326200162658864,297.7760125831912,1804.1573357132245,285.3510727808162,490.0706773243584,2507.3321413546487,5.108098443416071,420.73864455659697,,2.7635,7.8835998,1.5619,0.8637,,,,5.2412,0.0603,
Gabon,2020,317.6991502973039,0.5000500572881751,297.8287730020347,1726.1233192203908,278.4149030038747,504.1677259299991,2469.1870995792788,5.130800905382421,404.8426991099026,,2.8088999,7.9164996,1.5616,0.8627,,,,5.2486997,0.061899997,
Gabon,2021,250.85170564558825,0.5070438271721579,297.7395688785022,1617.811841295291,282.7598100354984,493.4733282164444,2497.064488790816,5.118622277655185,398.2299003971096,,2.8112,7.9603,1.5613999,0.86249995,,,,5.2574997,0.0614,
Gabon,2022,391.07181508872543,0.4992098417102992,297.57101303600126,1195.441714689344,267.39631996474213,510.5450914499779,2502.511596518289,5.148529087703833,409.1442894668689,,2.7835,8.004,1.5616,0.863,,,,5.2664,0.0609,
Angola,2017,10705.62224475098,0.4543308954777143,295.8188482532241,793.6836582294173,211.9309882913276,694.0531409748487,1088.7359950053817,6.006123803674405,163.68745166480704,0.858,0.8638,26.1842,0.8935,0.90929997,7.2079,0.43649998,,8.2402,0.16239999,
Angola,2018,9881.473216163971,0.4616960207508959,295.82023749602007,941.14592364894,207.5379327305297,696.764747911201,1104.070840343366,6.056741658866358,161.7645033457021,0.89199996,1.1523,24.3844,1.0476999,0.98289996,7.177,0.4522,,9.2469,0.1609,
Angola,2019,11503.043615324264,0.4465656716155231,296.3404475138632,936.656376282168,202.91652399807435,704.1779537131698,1072.6627111630398,6.044707941839898,157.97022799507613,0.8775,1.1931,24.8955,1.0666,1.0303,7.1173997,0.4843,,9.521,0.15439999,
Angola,2020,9860.829913614216,0.4567887971052212,295.64685710082733,900.2575431675116,212.458032090158,690.5601320376295,1110.5220771055187,6.057607874510928,163.20801873233367,0.8757,1.2375,25.452599,1.0993,1.0397999,7.1952,0.4983,,9.9381,0.1591,
Angola,2021,12569.22579292598,0.430994695908608,295.69725364113583,646.2265896292831,206.6181267934433,698.2789964745673,1097.9683309325178,6.040346935207264,162.0097426143297,0.8817,1.2265999,25.5679,1.0835999,1.0242,7.1754,0.48799998,,9.702499,0.1581,
Angola,2022,13099.695716879412,0.4593082449093567,295.3636684933557,598.9958062402359,203.9125375215889,702.8312894472488,1101.690048723471,6.044670614304744,161.82295750857406,0.87829995,1.2322999,26.664999,1.1202999,1.0306,7.381,0.511,,10.1532,0.1572,
Tunisia,2017,16819.03859139093,0.3512388631048375,292.50516270087536,278.0216865399187,328.035444307061,343.6022608790448,2124.359577323843,7.534916392805661,279.2914173293654,1.6359999,,,,,16.9118,0.86359996,0.8692,,,0.87869996
Tunisia,2018,16712.339087100983,0.3660163878776062,293.0012306366048,380.7940745902104,327.98776456914175,343.9915242420526,2134.111774818286,7.5122001502933315,283.44153193248684,1.7344999,,,,,16.8354,0.85359997,0.8991,,,0.6019
Tunisia,2019,18636.038978450488,0.3803978398498517,292.819220668751,423.70309932307214,322.71272577917404,348.3271855155275,2133.176477221233,7.529571071540007,277.8132170660588,2.2628,,,,,17.167,0.7811,0.8788,,,1.6056
Tunisia,2020,17548.7562431223,0.3507960831921586,293.20981307692057,330.9904000293584,323.60923721063006,349.3179799953814,2103.363979216432,7.53429495822777,275.06174158370203,1.7195,,,,,17.388899,0.8278,0.8822,,,0.8598
Tunisia,2021,17217.57553453995,0.3481333415641106,293.785265555107,292.1480688108539,325.59411170492297,345.62945603629294,2112.895260651646,7.529513642889154,279.5252573938384,1.9525,,,,,17.5735,0.8186,0.88659996,,,0.84169996
Tunisia,2022,17798.996889134312,0.3400233904115093,293.8212303250541,181.96849208268648,322.7439008476371,348.51163605931754,2101.778325450528,7.531991609670091,277.20060006948427,1.9603,,,,,17.737,0.8078,0.8825,,,1.2116
Algeria,2017,40079.33367921274,0.2939346011919874,296.52484326350645,294.5354632662078,288.8109991431421,363.476472266433,1966.526933083995,7.4613712656581725,237.29518197933623,1.1501,1.7939,24.6866,1.3007,,30.952398,0.77809995,0.972,,,0.7441
Algeria,2018,52361.62384256815,0.3359514452565436,296.48271825203784,479.26389733358366,285.5064324394336,365.8350443930184,1986.544691891714,7.445302193709135,236.95360205051315,2.0433,1.7901,24.4313,4.4416,,31.091599,0.98899996,1.1049,,,1.8118999
Algeria,2019,52339.281578250746,0.3162404349801458,296.37739427610506,381.4897154330271,283.2353318063919,369.092364785068,1934.7977901790084,7.483845847961291,228.8896297309764,1.9629999,1.7888999,24.727798,4.1538997,,31.8011,0.9357,1.2183,,,1.4542999
Algeria,2020,47667.74577984827,0.2994655203240542,297.03234463222503,289.044592763121,283.42032997725704,369.2016748062633,1943.2133251830735,7.476239637661223,231.45975425666063,1.6811,1.791,24.6202,6.0738997,,31.174398,1.0337,1.1565,,,1.2402999
Algeria,2021,42966.71133731371,0.2856763831639712,297.5177730504214,264.4566033419573,285.006257175014,368.23428451787737,1923.089913251563,7.485349888268625,231.6520198139781,1.5842999,1.79,24.5973,5.1278,,31.864899,0.94659996,0.8451,,,1.0566
Algeria,2022,50200.421783461774,0.2895612013815863,296.96466165785966,230.19491887932736,283.94722509780667,367.0269664902312,1948.482384962536,7.465382048811692,233.5426042945275,1.6467999,1.7899,24.6493,4.595,,32.975098,0.93649995,0.9959,,,1.561
Libya,2017,7361.407627374265,0.2292534033408756,294.5524381622251,123.99616787224036,274.87315841487094,413.9801151462645,1675.0721272384767,7.938324629801846,142.9752255963963,0.75299996,,,2.1808999,,19.8071,3.3625,1.5976,,,0.50839996
Libya,2018,7365.989493120097,0.2363657053178378,296.29362472681487,93.79908908711349,275.08549295403657,416.4410809956539,1679.567858817332,7.928124957197419,140.35294945915896,0.7492,,,2.2756,,19.9659,3.4722,1.6039,,,0.5074
Libya,2019,8327.68531219093,0.2471112944732685,295.2134229482557,135.1812336227881,274.0859605811265,414.0328648078706,1617.575988707771,7.957322517282724,139.0080116436957,0.75879997,,,2.2882,,19.805,3.4324,1.6049999,,,0.50729996
Libya,2020,7701.939551696569,0.2340584378619615,295.2780657729422,92.0717130094852,273.6422465398985,416.94743938100186,1606.7373882842571,7.95990927916678,136.4189686766363,0.76809996,,,2.1492999,,19.9212,3.3428998,1.6037999,,,0.5069
Libya,2021,7710.531501269853,0.2274328130514178,295.78869703617164,66.09530996966296,274.01758555811267,413.12907610080464,1653.914633500009,7.956948660036323,142.77643438421725,0.76739997,,,2.1813,,19.956299,3.3586,1.5999,,,0.50729996
Libya,2022,7930.979405902942,0.2328631538494263,294.9538762199043,75.71127941915044,274.10078347578343,412.819599324447,1637.1959340546596,7.962336882748931,140.89638908030634,0.76659995,,,2.2826998,,20.0037,3.4396,1.5998,,,0.50769997
South Africa,2017,150505.72726602078,0.4081631855793399,291.25295375476503,559.8064421280486,235.70205818784424,613.8663837455739,1654.8778633288975,6.464821660795359,198.3400647854829,3.1225,2.7656999,57.28,5.8596,2.2928998,36.0757,1.5210999,1.0602,,,3.3595998
South Africa,2018,151377.62445517987,0.4079847239340828,291.28524421355286,489.5652938956544,237.78190072129752,609.2566661795713,1677.0156646867867,6.442237047084939,201.4047106566401,3.7110999,2.7914,57.595497,4.9755,1.9562999,36.384,1.2998999,1.0275,,,3.5419998
South Africa,2019,152950.46586566273,0.4006054583664207,292.1213774288307,508.23251709082194,237.26895654630263,611.1734764352125,1658.8286182699028,6.451553361648164,197.9796897625211,2.8425999,2.8165998,60.206497,4.5539,1.6021,37.036198,1.119,1.0152,,,2.6144
South Africa,2020,150590.1165344336,0.4284371966551561,291.0786523020449,609.1620653077871,238.15495955116347,608.2894345939767,1677.335354997066,6.445999524637858,200.7176254718136,4.1584997,2.8379,60.5523,5.4477997,1.7666999,37.2491,1.2921,1.0282,,,4.1499
South Africa,2021,139192.58236165292,0.4317651424516574,290.6717001585984,725.1182433313298,235.8096095278563,614.5996178685781,1658.5909518801511,6.466128365793104,199.0123411640048,4.3649,2.8628,61.3204,5.4361,2.2935998,37.5261,1.217,1.0265,,,3.5258
South Africa,2022,139944.35138213358,0.4508558949014336,290.85613185857824,562.0412629847132,235.8218830762393,613.063148803785,1654.2215759309831,6.473354541141336,198.23297823413952,3.6848998,2.8878,62.0886,5.3757997,1.2409999,37.8031,1.2258999,1.0249,,,3.0562
Botswana,2017,2165.490147802696,0.3663195735044002,294.7830539189615,505.8649311976166,190.6184450276964,698.879939883305,887.0680325461866,6.571579723018165,79.53932362686662,,,,0.2403,,15.431299,,,,,
Botswana,2018,2117.3264332877447,0.32622762737992,295.8086869322337,329.32161089740976,199.9142498468049,685.2684257874417,882.35496752636,6.643782140708555,80.85369299458837,1.3319,,,0.3215,,15.4768,,,,,
Botswana,2019,2651.058333093627,0.3103441203972987,296.6786417972963,352.5561192070154,200.5312814590884,684.1388515347919,890.6222456235874,6.564914356488222,81.98636555572315,0.6081,,,0.20289999,,2.1176,,,,,
Botswana,2020,2262.461939061764,0.3456232555382937,295.1569620977514,409.8808405418127,210.24549585800432,676.0840778880101,882.0716827221079,6.570103489960927,76.8476983085276,1.3615,,,0.667,,5.8311,,,,,
Botswana,2021,3133.3847165764687,0.3572166554888209,294.544784026296,512.2465668626916,190.0127617417478,695.4940527132406,854.6855569854313,6.678428812168589,75.05184207776252,1.5022999,,,0.798,,3.1534998,,,,,
Botswana,2022,3677.945987672304,0.3852968559899491,294.82562549786,358.4832511157459,191.57984412088248,695.9054555561352,853.6520566821539,6.638760953761258,75.56382609144583,1.537,,,0.5027,,2.8755999,,,,,
Namibia,2017,1693.2492947007352,0.3180011933419769,294.8477229037063,523.744120847663,137.93577270790178,724.9265863113349,855.1311574039257,7.774892263235499,69.65018970756827,5.3061,,,2.3542,,12.0639,1.4900999,,,,
Namibia,2018,1262.0552646473038,0.3219116587537325,295.1090910818386,412.3009333284498,148.90801965907448,718.9414628591828,933.5985554211712,7.600065243014842,86.06547468073988,5.3061,,,2.3539,,12.0681,1.5071,,,,
Namibia,2019,912.2104018220588,0.2779801211501287,296.16085162646385,230.22371703259125,141.18179505376057,717.9419189552286,923.3177072872452,7.731748858508629,89.54037997639048,5.5702996,,,2.3095999,,12.0701,1.5062,,,,
Namibia,2020,1901.023559275,0.3246828320510182,294.79779154487017,501.5004535226065,137.29664573410594,739.9699885730465,887.3245881746201,7.652842075458342,67.6510915478437,5.56,,,2.1604,,12.0674,1.5042,,,,
Namibia,2021,2311.2530322159314,0.3029504954708793,294.21546241079994,491.0487164202253,131.64363829557624,727.4120169678656,815.4047583075301,7.886306168699102,65.36385936771177,6.7265997,,,2.2523,,12.0685,1.5047,,,,
Namibia,2022,2864.5468242941174,0.2659064898867128,294.4870154348371,298.4442122651111,127.6529675956961,717.0459732917067,821.0851668486471,8.013353602736913,62.49415887214812,5.762,,,3.0937,,12.0687,1.5051999,,,,
Cameroon,2017,4313.670475178924,0.5033172336889689,298.0445656774499,1323.5323039062323,321.60698679659066,388.4775284465544,2763.255472095804,5.860740580848438,332.8087645587413,1.3354,2.11,15.21,1.8399999,1.63,10.7,1.2082,,14.309999,0.4175,
Cameroon,2018,4534.3591371946095,0.5206161622923337,297.86448913861904,1427.2522388873483,325.6901723308282,379.10302807905487,2777.264705067801,5.850562896598044,336.8244460101561,1.3371999,2.6406,15.7741995,1.8456,1.4599999,11.438,1.2319,,14.4113,0.4818,
Cameroon,2019,4481.410210399022,0.5177424394426098,297.9909170918858,1512.7858332532055,325.42551565813835,382.195337264988,2718.207217902608,5.890929627110583,324.26382599529825,1.3367,2.1406999,15.820999,13.5517,1.42,11.6356,1.2265999,,14.2309,0.4479,
Cameroon,2020,4494.300547378187,0.508760220537545,298.2069589123921,1251.39793630884,315.2761948365099,396.606639022242,2766.5980884359965,5.872146977644642,327.997874067455,1.3364999,2.1311998,15.9031,1.7846999,1.66,10.8228,1.2197,,14.3789,0.48389998,
Cameroon,2021,5014.490490152697,0.5089140061146751,298.1749287253448,1195.4012757129233,308.6884000972165,407.2646696385518,2763.1496699530303,5.926464323790015,315.98970661127214,1.3368,2.0528998,15.693999,1.7707,1.7249999,9.9985,1.2710999,,14.1425,0.4831,
Cameroon,2022,5429.378504399017,0.5040078057423691,297.85524633517093,1149.338570668158,317.3640927912803,392.94348204249474,2752.08801908301,5.858563804118856,333.879847540686,1.3370999,2.189,14.163199,1.6923,1.7006999,10.948999,1.3029,,13.4758,0.48259997,
Congo,2017,1146.133012445588,0.5278810144037447,298.09192445103656,1099.5732063870912,311.99592862213444,455.308105869744,2205.980801887449,5.373410677968513,351.3185058063865,,0.5852,7.0091996,0.9307,,8.615399,0.8265,0.73759997,9.9789,0.2917,
Congo,2018,883.8577080830881,0.51334995037462,298.1119591712506,1118.9422814796076,308.3419765121767,452.39465100811776,2256.4107271385487,5.420526472859219,363.8240366465193,,0.579,6.8852997,0.96199995,,8.6178,0.8308,0.73679996,10.1468,0.2731,
Congo,2019,1096.7579303446078,0.5331908663319291,298.298165730134,1198.492426898711,305.4338738960296,463.1896803639757,2231.350062567359,5.372469026777564,359.82387477751973,,0.5819,6.904,1.0,,8.614699,0.8364,0.73749995,9.7814,0.2807,
Congo,2020,848.6098728865197,0.5306420181567819,298.2973647981393,1224.2450115929528,304.38568210905856,467.908455776103,2235.2081764093346,5.387985558290258,357.3169013412703,,0.5864,6.9378,1.0,,8.6159,0.83559996,0.7527,9.781,0.2854,
Congo,2021,898.0795502534313,0.5103342808567991,298.2483668212193,1098.4186879915696,297.0154144193726,476.55458007705,2206.6343819482663,5.421760372412546,354.4907418406087,,0.58419997,6.9308,1.0,,8.616099,0.8224,0.7423,9.901299,0.2847,
Congo,2022,1222.652445572549,0.5188507416728462,298.0734385117186,822.2177665009721,298.86394452707015,483.89871490287743,2192.622718405347,5.3851918370569205,349.8644907106196,,0.58199996,6.9758,1.0,,8.6156,0.8204,0.7442,9.821,0.2839,
Zambia,2017,22594.89209760833,0.4787800975539327,295.01362983101734,1020.5988894790752,225.1179328522585,571.8423255498577,1135.9304792308617,6.164839492411812,165.07821220482137,7.2439,1.2991999,4.2509,2.5151,1.5594,31.614199,0.5521,,34.3463,,7.6159
Zambia,2018,23784.95948886716,0.4545386724282723,295.320722543156,831.0202434838164,224.09346563298732,574.344481369374,1124.9712746911196,6.167790051994087,163.5251036418213,5.2808,1.4214,4.3068,2.2052,1.5771999,7.4883,0.6293,,34.8491,,5.4494
Zambia,2019,29769.94902110931,0.4381539971090077,295.7266683748268,684.4009042770025,226.71206886577116,566.9721615353058,1136.3102689888394,6.172044935783483,165.02034339133783,6.6878,1.2038,4.3979,2.3813999,1.4336,19.2361,0.63299996,,31.816898,,7.9082
Zambia,2020,24695.53247456887,0.4432607097681626,295.2109225356513,843.0941171685699,225.22506889784987,576.163668680571,1152.0024141185447,6.1613191656451365,167.976653565119,7.368,1.3988999,4.2696,2.5402,1.4053,25.094398,0.6441,,31.5066,,7.1882997
Zambia,2021,26104.127849938475,0.4581047501016399,295.072201738259,810.9545482531273,222.5880431855313,581.8883216232874,1128.7359551267853,6.150025360128791,164.35053704604323,6.7904997,1.4893,4.2869997,2.5674,1.3208,23.3843,0.6293,,35.538,,7.3367996
Zambia,2022,31511.84130241273,0.4676703898052692,294.7088596509931,816.3597314557236,222.44817100944147,581.3262355000174,1128.9048699643042,6.153226917611877,164.3601574910731,6.9986,1.5734999,4.308,2.4261,1.2686,18.542,0.62479997,,11.7,,8.108
Djibouti,2017,9.719542375,0.1465330434782608,301.7768685432709,104.66182961664572,188.7142857142857,478.2857142857143,1837.142857142857,7.828571428571429,139.8,,,,1.9986999,,,0.3096,,,,
Djibouti,2018,26.241656875,0.1400368760064412,301.4072117617809,108.32876721066634,186.34615384615384,490.61538461538464,1714.3076923076924,7.865384615384616,143.36666666666667,,,,1.9981999,,,0.3103,,,,
Djibouti,2019,12.636636875,0.1408568561872909,301.61786638095964,128.68999646055602,184.0,488.3333333333333,1718.2222222222222,7.877777777777777,138.6,,,,2.0247,,,0.3129,,,,
Djibouti,2020,34.981652608333334,0.1619736088472764,301.5893747242037,174.00802627406082,185.0993003559593,490.50202528538114,1579.631275316067,7.884190499570394,123.8124809741248,,,,2.0393,,,0.3148,,,,
Djibouti,2021,54.66406730833334,0.1527992807696855,301.5207827827853,150.4373760189996,187.23076923076923,491.76930333817126,1600.3898403483308,7.883417997097243,116.06603624901496,,,,1.9739,,,0.3166,,,,
Djibouti,2022,172.095820470098,0.1463466580516438,301.5850725326561,104.64796972767,186.282730873722,488.2525767850847,1713.919575271159,7.9148572139613025,119.443295061866,,,,2.0616999,,,0.3184,,,,
Senegal,2017,16392.50791996152,0.339714754727694,302.05600874133285,419.45946447227726,155.58249513156417,681.5972338628118,838.429110153648,6.191940681666611,95.89425728838287,,3.3055,26.133,1.7714,,22.3289,,,11.4871,,
Senegal,2018,13368.188963119115,0.3335558225982306,301.66680721424177,461.1976644470123,163.71649193707097,668.9352093620652,851.2253520469674,6.220804587143919,98.2003943848392,,3.7282,26.291199,1.9358,,22.3759,,,11.9087,,
Senegal,2019,13354.71037264191,0.3240383459708382,301.92040658941204,393.14972634003806,162.63375799981753,667.9368024964407,812.6528847405814,6.284226373830587,94.04822555629016,,3.3442,26.392399,2.0539,,22.7724,,,11.8182,,
Senegal,2020,14503.73139777745,0.3464683674141549,302.1765086015984,566.122715053609,163.95196356566757,662.9529944882506,810.8927776164586,6.280986543309869,94.51788095376244,,3.3432,26.0574,2.6548998,,23.3002,,,13.956599,,
Senegal,2021,18240.69294720982,0.3501099285240238,302.3403686023756,443.3205722712959,157.97776508244698,676.2873782013589,832.3901362252539,6.229943005257522,96.9606837457837,,3.6276999,26.179298,2.6482,,23.6346,,,13.813399,,
Senegal,2022,16383.532091602692,0.3574196519906317,301.57575728356545,414.1885727097786,156.53705837956426,678.5932737537056,824.8764821028809,6.228484535877196,94.36241756826996,,3.7838,26.3011,2.8414,,23.969099,,,13.672899,,
Nigeria,2017,65386.31888663432,0.4002270611901445,300.5165476410233,738.708192880274,177.52197866090717,608.6596083522581,1273.0979389451834,6.112737670373209,145.52823857847488,1.6779,2.4487998,,1.6640999,0.88769996,3.8767998,,,9.0737,0.2802,
Nigeria,2018,77605.09104011374,0.4118016891618455,300.3120327351063,822.1341288444737,178.77172946591446,601.0233401554473,1284.0136701187944,6.057690181763993,148.70032279778442,1.7141999,2.6708999,,1.6716,0.9522,3.7317998,,,9.4038,0.28419998,
Nigeria,2019,83718.65647750002,0.4159901850266251,300.32514183901003,1003.5384140230536,177.93086764737166,603.9261741833893,1287.007066645155,6.077324692555563,146.78950585908976,1.6825999,2.0441,,1.8513999,0.96379995,3.7631998,,,5.8271,0.28309998,
Nigeria,2020,72277.31480517157,0.4112009198038439,300.4492829075177,758.2503475376811,178.98641671944895,605.0818174793527,1317.6016077038498,6.042743073511495,155.33424210923317,1.1,1.9478999,11.729,2.0506,1.0452,3.79,,,5.7795,0.30089998,
Nigeria,2021,81885.29713845882,0.4137763270027695,300.6881923031397,640.8763164612681,180.7953161567756,599.6250520913123,1309.5082752946223,6.055716815013648,155.2912802583163,1.125,1.931,14.0688,2.0537999,1.0543,3.7615,,,5.8357997,0.27899998,
Nigeria,2022,72353.01141767426,0.3997243751471946,300.07351029677386,652.373283084612,180.42304102088892,603.6612167254622,1345.570229584415,6.034795551247117,160.3861649385202,1.1,1.8563,14.8397,2.2326,0.9636,3.7714999,,,6.0655,0.27429998,
Ghana,2017,3949.13926371397,0.4606616916394986,300.6735848575088,855.1509899060911,223.6589335778027,518.3059364425554,3057.36564329635,6.152786669381927,314.3604584768749,,2.8104,11.2205,2.0112,1.6764,,1.3203,,20.7293,0.5201,
Ghana,2018,3682.0585183901967,0.46530748551499,300.30885889644003,1100.1297069690677,222.29422902199656,525.7406646891666,3198.5996228287413,6.150691658054323,333.0999424818067,,3.735,11.3804,2.2589,1.7155,,1.3613,,21.336699,0.524,
Ghana,2019,5139.154723318138,0.4701798094530148,300.5759790054857,1104.693185986888,227.57069996387776,514.8822336057527,3281.168812053912,6.143677910284579,337.4570858918961,,3.2800999,11.6145,2.5312998,1.7142999,,1.4197999,,22.282099,0.5288,
Ghana,2020,5760.797587162253,0.4689776996246472,300.6878531541766,826.8255530161712,225.7750766154149,514.5055346782293,3011.756492111962,6.136113986980284,321.8765588445237,,3.3436,11.5693,2.5828,1.6852,,1.4431,,22.967,0.53889996,
Ghana,2021,6344.293324370341,0.4815180133628637,300.8352332022226,809.8620815766076,228.2491629529423,510.5045050026234,3068.6407830214303,6.144044141512499,323.87447824075207,,3.2017,11.6713,2.53,1.7272999,,1.4796,,23.783998,0.5456,
Ghana,2022,8227.997884677206,0.4845857601668146,300.3339259971081,746.6345135022458,227.6873361330448,506.0616058771075,2704.801605229261,6.133522164972559,303.8171818415124,,4.2065997,11.7733,2.5044,1.7391,,1.5160999,,24.4184,0.5523,
Cte d'Ivoire,2017,3003.356137132108,0.4947508387800265,299.6340080304235,942.626208984238,250.7350133389982,490.9185936642691,1854.916254289397,6.027504141149668,224.83781490445492,,2.6817,44.3868,2.0763,1.3989999,,0.8513,,6.1064997,0.5107,
Cte d'Ivoire,2018,3677.5265551504895,0.5032143232087254,299.32552415962056,1144.4272111955138,253.59855929716832,497.82429633913495,1883.2975255461104,6.024885930184595,238.1388947762124,,2.731,44.4365,2.0946999,1.4811,,0.84819996,,5.9261,0.5189,
Cte d'Ivoire,2019,4247.664491101226,0.5079401476547215,299.5841205902046,1097.7547838232124,249.30676302663616,499.8815849353541,1886.7499324622013,6.005694932217433,235.2327653451818,,2.8072,44.725597,2.0915,1.4719,,0.8515,,5.4995,0.5184,
Cte d'Ivoire,2020,4060.3547458193625,0.5019476418981476,299.75075533983,916.6100086383644,252.5220151439292,493.0589480439896,1881.352601860032,6.013555595076772,234.62418906260424,,2.8023,44.548397,2.0835,1.4519,,0.85029995,,6.2455997,0.5128,
Cte d'Ivoire,2021,5032.607321144118,0.503558284614346,299.7986875450192,956.1955075049576,254.5827520638017,485.4036043839056,1844.263168947131,6.006832929752283,222.88851937231595,,2.8488998,40.7267,2.0837,1.4684,,0.84999996,,5.7023997,0.5168,
Cte d'Ivoire,2022,5075.058261957109,0.4935360862515347,299.4538294366555,856.2032546620082,250.57691872254856,499.14289807143865,1899.080462620598,5.999452877284782,244.04254559673552,,2.896,44.5882,2.0842,1.4642,,0.8506,,5.5722,0.5072,
Sudan,2017,60864.057745801474,0.276323593749478,300.7419080646493,186.74687955362413,372.369728494717,345.9399501236434,916.9985754386156,7.487268933707962,81.86410664508598,2.6887,4.0815997,19.751099,1.3339,,13.2371,3.4996998,,,,
Sudan,2018,63428.35606267377,0.2871744322666845,300.6691078467557,242.82646861405215,370.945386854188,346.7449764364834,924.1043996277162,7.467699013433849,83.21402682035394,2.4471998,3.9578,19.4301,1.5002999,,13.2371,3.5649998,,,,
Sudan,2019,72840.89702015786,0.3003573386894645,300.53266193379204,342.2713933648328,382.9376870291569,328.1719567923379,903.7010680309572,7.4903401083850385,81.80244784320632,2.3908,4.1594,19.5439,1.0263,,13.2371,3.4557998,,,,
Sudan,2020,76091.86418937184,0.2911353817405636,300.270978955446,250.92660940977007,381.555916381334,330.6701769271067,897.2326646182541,7.493744115110845,81.2130868988647,2.2324,4.3714,19.6583,0.70199996,,13.2371,3.4994,,,,
Sudan,2021,91615.13332208408,0.2790988917748006,300.87670779536194,168.57292594041212,375.4074512744203,337.9985963579732,895.2756650447844,7.489227943725034,80.05570185497362,2.3154,4.1928,19.4538,0.8188,,13.125899,3.4933,,,,
Sudan,2022,93579.69533569262,0.2830597607637765,300.2497379189466,178.07857871581717,384.6600181008352,322.62504606116494,902.34849955456,7.49085352614123,81.6995501740847,1.6999999,3.069,17.772,1.0164,,12.2452,3.4745,,,,
Morocco,2017,57185.62513342894,0.3550937031641079,293.19988275328075,232.46507851914308,315.76353628885,355.99819744939805,2341.731248366957,7.437682099176039,261.31990489686393,2.0953,7.2005,39.1572,0.93619996,1.0,29.939,,0.6838,,,1.2322999
Morocco,2018,64644.75787087916,0.3877770483965855,291.394716191134,534.7256224809933,312.2971320570509,359.46934090243764,2296.737240726621,7.449727866011889,254.6260296895668,2.5751998,7.791,38.035,0.79899997,1.0,30.131498,,0.85899997,,,1.8224
Morocco,2019,58973.51711038383,0.3428099810388502,292.4278188345013,253.54270498885512,314.7090653141821,355.7957694142181,2318.2813620703755,7.449802395143161,258.2945470122957,1.6063,8.102099,41.0276,0.6397,1.0,31.326199,,0.4411,,,1.1057
Morocco,2020,55937.48318505245,0.3372475701950174,293.19625447399693,269.7381197042229,314.93467406180366,354.7743584299866,2338.624646670371,7.441070683815825,263.16844855636447,0.9004,11.3511,38.807,0.4204,1.0,29.670898,,0.33339998,,,0.4314
Morocco,2021,59958.17057852182,0.3552581673495789,292.63447722793035,314.01079404342454,315.0615425591208,356.0699385916891,2316.4347406495444,7.446651585435032,256.8709588187769,2.6334999,6.7374,38.0634,0.5306,1.0,31.703999,,0.8601,,,1.8669
Morocco,2022,52605.40853066889,0.3102173848871439,293.3008390904899,204.69335091054987,314.99014296124494,356.56850212972904,2333.1837497900806,7.435623210564081,260.19235596777105,1.1114,7.7706,39.4408,0.31129998,1.0,32.8192,,0.3515,,,0.6123
Egypt,2017,37786.24251831592,0.4702788497679299,295.5027014751878,16.597103192671852,285.76643704618084,444.5902609177812,2684.770497314373,7.662679305944406,303.86281528012915,6.8596997,9.0245,45.1116,7.7894998,2.8253,27.7724,2.5430999,2.9717999,,,4.0206
Egypt,2018,38792.58997859731,0.4648002473413699,296.64751767877186,33.00863816993815,284.9943774920025,445.945586237146,2649.114531060457,7.672774596727531,297.92543035035254,6.2942,8.6511,44.1007,7.5161996,2.9203,28.9282,6.0593,3.0,,,3.6594
Egypt,2019,39517.13325118309,0.465061679551912,295.92830974416137,48.01065736791773,284.482522213081,446.9508019591968,2610.048229288925,7.682882577675143,291.958282446961,6.5003,8.7582,44.0,4.9512997,2.9247,29.2876,4.9666,2.8799999,,,3.7405999
Egypt,2020,39988.70718942525,0.4644933288890599,295.81465964872785,60.64287753624967,284.07519186589474,447.7806021416922,2587.2462189530875,7.688874535237017,288.6538322262669,6.3662996,9.620299,43.257698,7.7767,2.8852,24.6203,3.3427,2.8966,,,3.7768
Egypt,2021,40779.03405514952,0.4524081280250455,296.20538228444343,36.98343541502945,282.8760229749432,450.4502157001728,2555.9348982380543,7.69767188228928,283.8405556911308,6.8504996,9.1375,38.1773,7.8276,3.0361998,29.7123,3.4538,2.9054,,,3.9078
Egypt,2022,41956.21405507527,0.4489644142244101,295.4726094871117,25.04952974363412,281.599231090614,452.87011436758695,2512.5997477328465,7.70880027638958,276.60924577232225,6.782,8.9739,36.165897,8.0645,2.9231,28.862,3.6383998,2.9601998,,,3.9476
Lesotho,2017,2856.262980243137,0.3459533353251613,284.83429758315,657.4816441357773,259.7297490629203,495.46455719831215,2083.074688423539,6.247438376191701,232.5398209429574,1.2933999,,,1.0409,,17.6911,0.3117,0.6073,,,0.3567
Lesotho,2018,3271.215859288969,0.3508363389263139,284.7732207412863,692.2833263792593,258.55259476743305,496.5625308523997,2089.298902152895,6.250767601843697,233.3107237536657,0.93909997,,,0.8684,,17.5873,0.2969,0.3931,,,0.3551
Lesotho,2019,3296.3208620389696,0.3362158956610327,286.1384285133286,577.3166884129345,259.4782274833773,495.4432430464967,2076.379134265515,6.2497438631056,231.93721991525825,0.62479997,,,0.76879996,,17.7591,0.3875,0.58849996,,,0.3554
Lesotho,2020,3645.187699953186,0.3675410503907849,284.6228489184967,989.5213106478026,259.40431705017227,495.3362108689995,2100.2347380030983,6.263042457962308,234.95922418283212,0.69699997,,,0.4569,,17.678299,0.4301,0.0095999995,,,0.3557
Lesotho,2021,2754.9214524460795,0.3693886545246101,284.15932641611545,998.2306072704348,261.4951991578816,493.83224398704994,2030.1336024854425,6.279553768153204,225.4663334071387,0.4614,,,1.0252,,17.674,0.3026,0.5125,,,0.3554
Lesotho,2022,3097.400508071813,0.4025030361730224,284.329655791092,758.463878436408,260.6085351450822,493.883118974674,2064.2020214883,6.291957867349814,229.66407219048463,0.8107,,,0.8046,,17.7036,0.3258,0.3421,,,0.35549998
eSwatini,2017,2277.0501103375004,0.5559772067300052,292.1149924852813,736.1300751095724,332.42357604073703,469.1389906731764,1820.3857192853516,6.084076329466115,229.42292396374347,1.8549999,3.0939999,5.9568996,1.2386999,,2.0949,0.5,,,,
eSwatini,2018,2632.140727394854,0.5823953677535758,292.1895579215033,633.5141352189812,333.1731722067046,470.5342566230474,1823.1482472763869,6.035671495675452,230.53458549203785,1.8586999,3.0542,5.9613,1.2688999,,2.1073,0.4784,,,,
eSwatini,2019,1961.708997404657,0.5759328179950378,292.7609770363452,596.7501029342343,334.56867714140907,468.26730547429656,1803.083646950364,6.107160046453897,227.2051654405146,1.7544999,3.1617,5.9621,1.2796999,,2.1139998,0.4924,,,,
eSwatini,2020,2532.661799775246,0.5715536165569252,292.044352820313,706.9632741746483,332.1411965389753,472.2765269340912,1804.8568398465547,6.056344620514524,227.4621193196712,1.8216,3.2333,5.9544997,1.2794,,2.0708,0.4901,,,,
eSwatini,2021,2000.0914702068635,0.5858004832226146,291.8132007669142,812.5819277403265,332.4531901172318,471.27046489380587,1793.9190658870698,6.120775946553093,225.1262515478848,1.8108,3.2043998,5.9607997,1.4286,,2.0583,0.4869,,,,
eSwatini,2022,2153.2506215424023,0.6204786746206669,292.0626790349591,635.18634979375,335.2977530384668,466.4982064412153,1814.731322666051,6.081386350386376,229.50090284574787,1.7952,3.1754,5.967,1.5875,,2.0808,0.48979998,,,,
Eq. Guinea,2017,9.9289999375,0.3625573913043478,296.79061903996296,2097.079693522076,402.2857142857143,437.1428571428572,4294.857142857143,4.757142857142857,533.6666666666666,,,4.7939,,,,,,3.1304,0.1024,
Eq. Guinea,2018,4.9644963125,0.4180234782608696,296.63894204934184,2292.802531897339,345.1111111111111,475.22222222222223,4024.777777777778,4.9,552.336592178771,,,4.8202,,,,,,3.1483998,0.1025,
Eq. Guinea,2019,4.964369875,0.4387495652173913,296.85052184664653,2309.053922729097,380.7,456.4,4210.2,4.8,576.2222222222222,,,4.6618,,,,,,3.062,0.102199994,
Eq. Guinea,2020,4.9640523125,0.4241026086956522,296.90790550355746,2331.803724545789,322.3,484.3,3888.5,5.0200000000000005,601.9,,,4.758,,,,,,3.0528998,0.1012,
Eq. Guinea,2021,9.9293630625,0.4064260869565217,296.83243475693143,2019.154517540312,385.125,449.125,4253.625,4.8875,526.3333333333334,,,4.7462,,,,,,3.0395,0.1013,
Eq. Guinea,2022,7.9434838125,0.3969358695652174,296.64837368106254,1359.2662969760568,396.1428571428572,443.0,4387.714285714285,4.857142857142857,508.0,,,4.7216997,,,,,,3.0182,0.101399995,
